TimeStamp,Price
2020-07-06 09:0:00,316.43
2020-07-06 09:40:00,315.94
2020-07-06 09:50:00,316.27
2020-07-06 10:00:00,317.28
2020-07-06 10:10:00,316.25
2020-07-06 10:20:00,316.225
2020-07-06 10:30:00,315.81
2020-07-06 10:40:00,316.22
2020-07-06 10:50:00,316.77
2020-07-06 11:00:00,316.92
2020-07-06 11:10:00,316.86
2020-07-06 11:20:00,317.11
2020-07-06 11:30:00,317.13
2020-07-06 11:40:00,317.02
2020-07-06 11:50:00,317.095
2020-07-06 12:00:00,316.45
2020-07-06 12:10:00,316.3301
2020-07-06 12:20:00,316.22
2020-07-06 12:30:00,316.26
2020-07-06 12:40:00,316.32
2020-07-06 12:50:00,316.52
2020-07-06 13:00:00,316.49
2020-07-06 13:10:00,316.357
2020-07-06 13:20:00,316.05
2020-07-06 13:30:00,316.56
2020-07-06 13:40:00,316.49
2020-07-06 13:50:00,316.5
2020-07-06 14:00:00,316.62
2020-07-06 14:10:00,316.17
2020-07-06 14:20:00,315.75
2020-07-06 14:30:00,315.97
2020-07-06 14:40:00,316.21
2020-07-06 14:50:00,315.91
2020-07-06 15:00:00,315.99
2020-07-06 15:10:00,315.86
2020-07-06 15:20:00,315.97
2020-07-06 15:30:00,316.21
2020-07-06 15:40:00,316.34
2020-07-06 15:50:00,317.01
2020-07-06 16:00:00,317.14
2020-07-07 09:30:00,315.42
2020-07-07 09:40:00,315.09
2020-07-07 09:50:00,316.015
2020-07-07 10:00:00,315.95
2020-07-07 10:10:00,316.48
2020-07-07 10:20:00,316.855
2020-07-07 10:30:00,316.79
2020-07-07 10:40:00,316.365
2020-07-07 10:50:00,316.335
2020-07-07 11:00:00,316.83
2020-07-07 11:10:00,316.92
2020-07-07 11:20:00,317.37
2020-07-07 11:30:00,317.2792
2020-07-07 11:40:00,316.82
2020-07-07 11:50:00,317.084
2020-07-07 12:00:00,316.77
2020-07-07 12:10:00,316.509
2020-07-07 12:20:00,316.405
2020-07-07 12:30:00,316.34
2020-07-07 12:40:00,316.165
2020-07-07 12:50:00,316.265
2020-07-07 13:00:00,316.36
2020-07-07 13:10:00,315.93
2020-07-07 13:20:00,316.08
2020-07-07 13:30:00,316.24
2020-07-07 13:40:00,316.21
2020-07-07 13:50:00,316.29
2020-07-07 14:00:00,316.2
2020-07-07 14:10:00,316.0125
2020-07-07 14:20:00,315.88
2020-07-07 14:30:00,315.68
2020-07-07 14:40:00,315.18
2020-07-07 14:50:00,315.27
2020-07-07 15:00:00,315.52
2020-07-07 15:10:00,314.8934
2020-07-07 15:20:00,314.98
2020-07-07 15:30:00,315.03
2020-07-07 15:40:00,314.755
2020-07-07 15:50:00,314.07
2020-07-07 16:00:00,313.54
2020-07-08 09:30:00,314.59
2020-07-08 09:40:00,315.42
2020-07-08 09:50:00,315.84
2020-07-08 10:00:00,316.0767
2020-07-08 10:10:00,315.92
2020-07-08 10:20:00,315.735
2020-07-08 10:30:00,315.21
2020-07-08 10:40:00,315.6
2020-07-08 10:50:00,315.3716
2020-07-08 11:00:00,315.39
2020-07-08 11:10:00,314.13
2020-07-08 11:20:00,313.437
2020-07-08 11:30:00,313.46
2020-07-08 11:40:00,313.86
2020-07-08 11:50:00,314.048
2020-07-08 12:00:00,314.24
2020-07-08 12:10:00,314.16
2020-07-08 12:20:00,314.68
2020-07-08 12:30:00,314.59
2020-07-08 12:40:00,314.53
2020-07-08 12:50:00,314.35
2020-07-08 13:00:00,314.92
2020-07-08 13:10:00,314.81
2020-07-08 13:20:00,314.32
2020-07-08 13:30:00,313.93
2020-07-08 13:40:00,314.36
2020-07-08 13:50:00,314.17
2020-07-08 14:00:00,313.87
2020-07-08 14:10:00,313.88
2020-07-08 14:20:00,314.21
2020-07-08 14:30:00,314.3859
2020-07-08 14:40:00,314.35
2020-07-08 14:50:00,314.0701
2020-07-08 15:00:00,314.67
2020-07-08 15:10:00,315.01
2020-07-08 15:20:00,315.375
2020-07-08 15:30:00,315.545
2020-07-08 15:40:00,315.48
2020-07-08 15:50:00,315.49
2020-07-08 16:00:00,316.07
2020-07-09 09:30:00,316.9
2020-07-09 09:40:00,315.915
2020-07-09 09:50:00,315.65
2020-07-09 10:00:00,316.11
2020-07-09 10:10:00,316.14
2020-07-09 10:20:00,314.82
2020-07-09 10:30:00,315.15
2020-07-09 10:40:00,314.22
2020-07-09 10:50:00,313.11
2020-07-09 11:00:00,311.86
2020-07-09 11:10:00,312.405
2020-07-09 11:20:00,310.76
2020-07-09 11:30:00,311.65
2020-07-09 11:40:00,312.06
2020-07-09 11:50:00,311.89
2020-07-09 12:00:00,312.2101
2020-07-09 12:10:00,313.235
2020-07-09 12:20:00,313.27
2020-07-09 12:30:00,313.0
2020-07-09 12:40:00,312.945
2020-07-09 12:50:00,313.435
2020-07-09 13:00:00,313.46
2020-07-09 13:10:00,313.96
2020-07-09 13:20:00,314.12
2020-07-09 13:30:00,314.01
2020-07-09 13:40:00,313.99
2020-07-09 13:50:00,313.66
2020-07-09 14:00:00,313.35
2020-07-09 14:10:00,313.95
2020-07-09 14:20:00,314.585
2020-07-09 14:30:00,314.56
2020-07-09 14:40:00,314.37
2020-07-09 14:50:00,314.52
2020-07-09 15:00:00,314.89
2020-07-09 15:10:00,314.98
2020-07-09 15:20:00,315.015
2020-07-09 15:30:00,313.9
2020-07-09 15:40:00,313.86
2020-07-09 15:50:00,314.6
2020-07-09 16:00:00,314.41
2020-07-10 09:30:00,314.42
2020-07-10 09:40:00,314.5872
2020-07-10 09:50:00,314.63
2020-07-10 10:00:00,313.96
2020-07-10 10:10:00,313.51
2020-07-10 10:20:00,314.14
2020-07-10 10:30:00,314.66
2020-07-10 10:40:00,314.86
2020-07-10 10:50:00,315.04
2020-07-10 11:00:00,315.07
2020-07-10 11:10:00,315.1
2020-07-10 11:20:00,315.225
2020-07-10 11:30:00,315.325
2020-07-10 11:40:00,315.48
2020-07-10 11:50:00,315.67
2020-07-10 12:00:00,315.86
2020-07-10 12:10:00,316.0
2020-07-10 12:20:00,315.61
2020-07-10 12:30:00,315.2208
2020-07-10 12:40:00,315.221
2020-07-10 12:50:00,315.6412
2020-07-10 13:00:00,315.82
2020-07-10 13:10:00,315.89
2020-07-10 13:20:00,315.733
2020-07-10 13:30:00,315.97
2020-07-10 13:40:00,316.02
2020-07-10 13:50:00,316.47
2020-07-10 14:00:00,316.54
2020-07-10 14:10:00,316.51
2020-07-10 14:20:00,316.36
2020-07-10 14:30:00,316.4
2020-07-10 14:40:00,316.76
2020-07-10 14:50:00,316.855
2020-07-10 15:00:00,316.87
2020-07-10 15:10:00,316.8
2020-07-10 15:20:00,317.32
2020-07-10 15:30:00,317.31
2020-07-10 15:40:00,317.39
2020-07-10 15:50:00,317.74
2020-07-10 16:00:00,317.64
2020-07-13 09:30:00,317.59
2020-07-13 09:40:00,319.88
2020-07-13 09:50:00,319.94
2020-07-13 10:00:00,319.5403
2020-07-13 10:10:00,320.29
2020-07-13 10:20:00,320.6301
2020-07-13 10:30:00,321.1
2020-07-13 10:40:00,320.84
2020-07-13 10:50:00,321.125
2020-07-13 11:00:00,321.65
2020-07-13 11:10:00,321.82
2020-07-13 11:20:00,321.93
2020-07-13 11:30:00,322.22
2020-07-13 11:40:00,322.055
2020-07-13 11:50:00,321.65
2020-07-13 12:00:00,321.72
2020-07-13 12:10:00,321.93
2020-07-13 12:20:00,321.76
2020-07-13 12:30:00,321.8
2020-07-13 12:40:00,321.98
2020-07-13 12:50:00,321.76
2020-07-13 13:00:00,321.65
2020-07-13 13:10:00,321.77
2020-07-13 13:20:00,322.25
2020-07-13 13:30:00,322.265
2020-07-13 13:40:00,322.45
2020-07-13 13:50:00,322.0
2020-07-13 14:00:00,321.92
2020-07-13 14:10:00,320.62
2020-07-13 14:20:00,320.91
2020-07-13 14:30:00,319.9
2020-07-13 14:40:00,319.76
2020-07-13 14:50:00,320.25
2020-07-13 15:00:00,320.42
2020-07-13 15:10:00,318.245
2020-07-13 15:20:00,318.05
2020-07-13 15:30:00,317.115
2020-07-13 15:40:00,315.46
2020-07-13 15:50:00,314.92
2020-07-13 16:00:00,314.64
2020-07-14 09:30:00,314.84
2020-07-14 09:40:00,314.56
2020-07-14 09:50:00,313.67
2020-07-14 10:00:00,313.93
2020-07-14 10:10:00,312.565
2020-07-14 10:20:00,312.83
2020-07-14 10:30:00,314.37
2020-07-14 10:40:00,314.5573
2020-07-14 10:50:00,315.44
2020-07-14 11:00:00,314.97
2020-07-14 11:10:00,315.17
2020-07-14 11:20:00,315.44
2020-07-14 11:30:00,315.3
2020-07-14 11:40:00,315.88
2020-07-14 11:50:00,316.253
2020-07-14 12:00:00,316.0
2020-07-14 12:10:00,315.45
2020-07-14 12:20:00,316.2433
2020-07-14 12:30:00,315.99
2020-07-14 12:40:00,316.13
2020-07-14 12:50:00,316.24
2020-07-14 13:00:00,315.355
2020-07-14 13:10:00,314.64
2020-07-14 13:20:00,315.12
2020-07-14 13:30:00,315.44
2020-07-14 13:40:00,316.35
2020-07-14 13:50:00,316.535
2020-07-14 14:00:00,316.38
2020-07-14 14:10:00,316.74
2020-07-14 14:20:00,317.29
2020-07-14 14:30:00,317.24
2020-07-14 14:40:00,316.72
2020-07-14 14:50:00,316.51
2020-07-14 15:00:00,317.3899
2020-07-14 15:10:00,316.54
2020-07-14 15:20:00,316.15
2020-07-14 15:30:00,317.33
2020-07-14 15:40:00,317.655
2020-07-14 15:50:00,318.54
2020-07-14 16:00:00,318.98
2020-07-15 09:30:00,318.92
2020-07-15 09:40:00,321.44
2020-07-15 09:50:00,322.36
2020-07-15 10:00:00,321.88
2020-07-15 10:10:00,321.7
2020-07-15 10:20:00,322.0
2020-07-15 10:30:00,322.5
2020-07-15 10:40:00,322.789
2020-07-15 10:50:00,322.895
2020-07-15 11:00:00,322.3
2020-07-15 11:10:00,321.5
2020-07-15 11:20:00,321.33
2020-07-15 11:30:00,321.73
2020-07-15 11:40:00,320.79
2020-07-15 11:50:00,320.23
2020-07-15 12:00:00,319.74
2020-07-15 12:10:00,319.854
2020-07-15 12:20:00,320.52
2020-07-15 12:30:00,320.6
2020-07-15 12:40:00,319.96
2020-07-15 12:50:00,320.8
2020-07-15 13:00:00,321.08
2020-07-15 13:10:00,321.53
2020-07-15 13:20:00,321.25
2020-07-15 13:30:00,321.3
2020-07-15 13:40:00,321.6
2020-07-15 13:50:00,321.41
2020-07-15 14:00:00,321.11
2020-07-15 14:10:00,321.82
2020-07-15 14:20:00,321.72
2020-07-15 14:30:00,321.88
2020-07-15 14:40:00,321.92
2020-07-15 14:50:00,321.815
2020-07-15 15:00:00,320.94
2020-07-15 15:10:00,320.76
2020-07-15 15:20:00,321.06
2020-07-15 15:30:00,321.53
2020-07-15 15:40:00,321.94
2020-07-15 15:50:00,322.505
2020-07-15 16:00:00,321.92
2020-07-16 09:30:00,319.76
2020-07-16 09:40:00,319.99
2020-07-16 09:50:00,319.88
2020-07-16 10:00:00,319.6299
2020-07-16 10:10:00,319.53
2020-07-16 10:20:00,319.7
2020-07-16 10:30:00,320.23
2020-07-16 10:40:00,320.29
2020-07-16 10:50:00,320.39
2020-07-16 11:00:00,319.85
2020-07-16 11:10:00,319.6
2020-07-16 11:20:00,319.68
2020-07-16 11:30:00,319.97
2020-07-16 11:40:00,319.745
2020-07-16 11:50:00,319.44
2020-07-16 12:00:00,319.78
2020-07-16 12:10:00,319.94
2020-07-16 12:20:00,319.48
2020-07-16 12:30:00,319.5616
2020-07-16 12:40:00,319.77
2020-07-16 12:50:00,319.94
2020-07-16 13:00:00,319.74
2020-07-16 13:10:00,320.19
2020-07-16 13:20:00,320.4701
2020-07-16 13:30:00,320.59
2020-07-16 13:40:00,320.21
2020-07-16 13:50:00,320.39
2020-07-16 14:00:00,319.8999
2020-07-16 14:10:00,320.39
2020-07-16 14:20:00,320.35
2020-07-16 14:30:00,320.5
2020-07-16 14:40:00,320.28
2020-07-16 14:50:00,319.56
2020-07-16 15:00:00,319.4
2020-07-16 15:10:00,319.7548
2020-07-16 15:20:00,320.105
2020-07-16 15:30:00,320.7801
2020-07-16 15:40:00,321.16
2020-07-16 15:50:00,320.58
2020-07-16 16:00:00,320.74
2020-07-17 09:30:00,320.79
2020-07-17 09:40:00,321.33
2020-07-17 09:50:00,321.22
2020-07-17 10:00:00,321.32
2020-07-17 10:10:00,320.95
2020-07-17 10:20:00,320.81
2020-07-17 10:30:00,320.1
2020-07-17 10:40:00,320.3038
2020-07-17 10:50:00,320.525
2020-07-17 11:00:00,321.03
2020-07-17 11:10:00,321.3301
2020-07-17 11:20:00,321.08
2020-07-17 11:30:00,321.16
2020-07-17 11:40:00,321.1
2020-07-17 11:50:00,320.845
2020-07-17 12:00:00,321.38
2020-07-17 12:10:00,321.615
2020-07-17 12:20:00,321.47
2020-07-17 12:30:00,321.46
2020-07-17 12:40:00,321.46
2020-07-17 12:50:00,321.4098
2020-07-17 13:00:00,321.22
2020-07-17 13:10:00,321.435
2020-07-17 13:20:00,321.105
2020-07-17 13:30:00,321.4561
2020-07-17 13:40:00,321.201
2020-07-17 13:50:00,321.3668
2020-07-17 14:00:00,321.24
2020-07-17 14:10:00,321.76
2020-07-17 14:20:00,322.08
2020-07-17 14:30:00,321.93
2020-07-17 14:40:00,321.85
2020-07-17 14:50:00,321.9
2020-07-17 15:00:00,321.99
2020-07-17 15:10:00,321.98
2020-07-17 15:20:00,321.99
2020-07-17 15:30:00,322.31
2020-07-17 15:40:00,322.325
2020-07-17 15:50:00,322.18
2020-07-17 16:00:00,321.7
2020-07-20 09:30:00,321.72
2020-07-20 09:40:00,321.58
2020-07-20 09:50:00,320.77
2020-07-20 10:00:00,321.13
2020-07-20 10:10:00,321.7
2020-07-20 10:20:00,322.0427
2020-07-20 10:30:00,322.61
2020-07-20 10:40:00,322.8101
2020-07-20 10:50:00,322.72
2020-07-20 11:00:00,322.495
2020-07-20 11:10:00,322.37
2020-07-20 11:20:00,322.63
2020-07-20 11:30:00,322.725
2020-07-20 11:40:00,322.99
2020-07-20 11:50:00,323.069
2020-07-20 12:00:00,322.8321
2020-07-20 12:10:00,322.73
2020-07-20 12:20:00,323.035
2020-07-20 12:30:00,322.73
2020-07-20 12:40:00,322.96
2020-07-20 12:50:00,322.98
2020-07-20 13:00:00,322.98
2020-07-20 13:10:00,322.95
2020-07-20 13:20:00,323.25
2020-07-20 13:30:00,323.285
2020-07-20 13:40:00,323.24
2020-07-20 13:50:00,323.57
2020-07-20 14:00:00,323.715
2020-07-20 14:10:00,323.607
2020-07-20 14:20:00,323.62
2020-07-20 14:30:00,323.7498
2020-07-20 14:40:00,323.79
2020-07-20 14:50:00,323.9
2020-07-20 15:00:00,323.79
2020-07-20 15:10:00,323.84
2020-07-20 15:20:00,324.25
2020-07-20 15:30:00,324.51
2020-07-20 15:40:00,324.89
2020-07-20 15:50:00,324.965
2020-07-20 16:00:00,324.32
2020-07-21 09:30:00,324.32
2020-07-21 09:40:00,326.17
2020-07-21 09:50:00,326.6
2020-07-21 10:00:00,326.72
2020-07-21 10:10:00,326.415
2020-07-21 10:20:00,326.64
2020-07-21 10:30:00,325.785
2020-07-21 10:40:00,326.02
2020-07-21 10:50:00,326.15
2020-07-21 11:00:00,326.41
2020-07-21 11:10:00,326.13
2020-07-21 11:20:00,326.48
2020-07-21 11:30:00,326.44
2020-07-21 11:40:00,326.306
2020-07-21 11:50:00,325.93
2020-07-21 12:00:00,326.0218
2020-07-21 12:10:00,325.69
2020-07-21 12:20:00,325.73
2020-07-21 12:30:00,326.05
2020-07-21 12:40:00,325.85
2020-07-21 12:50:00,325.89
2020-07-21 13:00:00,326.2901
2020-07-21 13:10:00,326.25
2020-07-21 13:20:00,326.12
2020-07-21 13:30:00,326.31
2020-07-21 13:40:00,326.44
2020-07-21 13:50:00,326.57
2020-07-21 14:00:00,326.495
2020-07-21 14:10:00,326.825
2020-07-21 14:20:00,326.36
2020-07-21 14:30:00,326.61
2020-07-21 14:40:00,326.36
2020-07-21 14:50:00,326.46
2020-07-21 15:00:00,326.42
2020-07-21 15:10:00,326.015
2020-07-21 15:20:00,325.19
2020-07-21 15:30:00,325.0203
2020-07-21 15:40:00,324.6083
2020-07-21 15:50:00,325.15
2020-07-21 16:00:00,324.98
2020-07-22 09:30:00,325.01
2020-07-22 09:40:00,325.325
2020-07-22 09:50:00,325.4525
2020-07-22 10:00:00,325.74
2020-07-22 10:10:00,325.76
2020-07-22 10:20:00,325.73
2020-07-22 10:30:00,325.31
2020-07-22 10:40:00,325.72
2020-07-22 10:50:00,325.09
2020-07-22 11:00:00,325.21
2020-07-22 11:10:00,324.9699
2020-07-22 11:20:00,324.92
2020-07-22 11:30:00,325.39
2020-07-22 11:40:00,325.5563
2020-07-22 11:50:00,325.615
2020-07-22 12:00:00,325.59
2020-07-22 12:10:00,325.515
2020-07-22 12:20:00,326.09
2020-07-22 12:30:00,326.0
2020-07-22 12:40:00,325.865
2020-07-22 12:50:00,325.94
2020-07-22 13:00:00,325.86
2020-07-22 13:10:00,325.73
2020-07-22 13:20:00,325.95
2020-07-22 13:30:00,325.77
2020-07-22 13:40:00,325.5533
2020-07-22 13:50:00,325.19
2020-07-22 14:00:00,324.77
2020-07-22 14:10:00,325.3
2020-07-22 14:20:00,325.46
2020-07-22 14:30:00,325.51
2020-07-22 14:40:00,325.79
2020-07-22 14:50:00,325.765
2020-07-22 15:00:00,325.75
2020-07-22 15:10:00,325.915
2020-07-22 15:20:00,326.23
2020-07-22 15:30:00,326.05
2020-07-22 15:40:00,326.265
2020-07-22 15:50:00,326.96
2020-07-22 16:00:00,326.76
2020-07-23 09:30:00,326.86
2020-07-23 09:40:00,326.55
2020-07-23 09:50:00,327.07
2020-07-23 10:00:00,326.97
2020-07-23 10:10:00,326.745
2020-07-23 10:20:00,325.62
2020-07-23 10:30:00,326.4
2020-07-23 10:40:00,326.53
2020-07-23 10:50:00,326.7601
2020-07-23 11:00:00,326.24
2020-07-23 11:10:00,326.435
2020-07-23 11:20:00,326.5801
2020-07-23 11:30:00,326.68
2020-07-23 11:40:00,327.04
2020-07-23 11:50:00,326.85
2020-07-23 12:00:00,326.65
2020-07-23 12:10:00,325.59
2020-07-23 12:20:00,325.79
2020-07-23 12:30:00,325.76
2020-07-23 12:40:00,325.31
2020-07-23 12:50:00,325.41
2020-07-23 13:00:00,325.27
2020-07-23 13:10:00,325.58
2020-07-23 13:20:00,325.13
2020-07-23 13:30:00,324.96
2020-07-23 13:40:00,324.4
2020-07-23 13:50:00,323.3
2020-07-23 14:00:00,323.57
2020-07-23 14:10:00,322.71
2020-07-23 14:20:00,322.18
2020-07-23 14:30:00,322.61
2020-07-23 14:40:00,321.91
2020-07-23 14:50:00,322.83
2020-07-23 15:00:00,322.95
2020-07-23 15:10:00,322.41
2020-07-23 15:20:00,322.75
2020-07-23 15:30:00,322.475
2020-07-23 15:40:00,322.67
2020-07-23 15:50:00,322.525
2020-07-23 16:00:00,322.85
2020-07-24 09:30:00,322.96
2020-07-24 09:40:00,319.8
2020-07-24 09:50:00,320.24
2020-07-24 10:00:00,320.6
2020-07-24 10:10:00,321.19
2020-07-24 10:20:00,321.18
2020-07-24 10:30:00,321.31
2020-07-24 10:40:00,320.46
2020-07-24 10:50:00,321.02
2020-07-24 11:00:00,321.8191
2020-07-24 11:10:00,321.6181
2020-07-24 11:20:00,321.29
2020-07-24 11:30:00,321.7
2020-07-24 11:40:00,321.15
2020-07-24 11:50:00,321.1
2020-07-24 12:00:00,321.34
2020-07-24 12:10:00,320.63
2020-07-24 12:20:00,320.52
2020-07-24 12:30:00,320.83
2020-07-24 12:40:00,320.7
2020-07-24 12:50:00,320.34
2020-07-24 13:00:00,320.255
2020-07-24 13:10:00,319.76
2020-07-24 13:20:00,319.57
2020-07-24 13:30:00,320.19
2020-07-24 13:40:00,320.02
2020-07-24 13:50:00,320.66
2020-07-24 14:00:00,320.62
2020-07-24 14:10:00,321.04
2020-07-24 14:20:00,320.9
2020-07-24 14:30:00,321.36
2020-07-24 14:40:00,321.19
2020-07-24 14:50:00,320.86
2020-07-24 15:00:00,320.79
2020-07-24 15:10:00,321.12
2020-07-24 15:20:00,320.4
2020-07-24 15:30:00,320.14
2020-07-24 15:40:00,320.73
2020-07-24 15:50:00,320.58
2020-07-24 16:00:00,320.9701
2020-07-27 09:30:00,320.88
2020-07-27 09:40:00,321.22
2020-07-27 09:50:00,322.06
2020-07-27 10:00:00,322.61
2020-07-27 10:10:00,322.555
2020-07-27 10:20:00,322.64
2020-07-27 10:30:00,322.57
2020-07-27 10:40:00,322.915
2020-07-27 10:50:00,322.83
2020-07-27 11:00:00,322.59
2020-07-27 11:10:00,322.52
2020-07-27 11:20:00,322.2835
2020-07-27 11:30:00,321.77
2020-07-27 11:40:00,321.54
2020-07-27 11:50:00,321.8632
2020-07-27 12:00:00,321.91
2020-07-27 12:10:00,322.07
2020-07-27 12:20:00,321.94
2020-07-27 12:30:00,322.19
2020-07-27 12:40:00,322.351
2020-07-27 12:50:00,322.3
2020-07-27 13:00:00,322.37
2020-07-27 13:10:00,322.33
2020-07-27 13:20:00,322.47
2020-07-27 13:30:00,322.65
2020-07-27 13:40:00,322.75
2020-07-27 13:50:00,322.525
2020-07-27 14:00:00,322.5
2020-07-27 14:10:00,322.62
2020-07-27 14:20:00,322.432
2020-07-27 14:30:00,322.78
2020-07-27 14:40:00,322.86
2020-07-27 14:50:00,322.6
2020-07-27 15:00:00,322.35
2020-07-27 15:10:00,322.87
2020-07-27 15:20:00,322.89
2020-07-27 15:30:00,323.19
2020-07-27 15:40:00,323.075
2020-07-27 15:50:00,323.3916
2020-07-27 16:00:00,323.27
2020-07-28 09:30:00,323.22
2020-07-28 09:40:00,322.5693
2020-07-28 09:50:00,322.08
2020-07-28 10:00:00,321.9
2020-07-28 10:10:00,322.43
2020-07-28 10:20:00,322.81
2020-07-28 10:30:00,322.82
2020-07-28 10:40:00,322.6007
2020-07-28 10:50:00,322.52
2020-07-28 11:00:00,322.81
2020-07-28 11:10:00,322.409
2020-07-28 11:20:00,322.82
2020-07-28 11:30:00,322.91
2020-07-28 11:40:00,323.34
2020-07-28 11:50:00,323.3
2020-07-28 12:00:00,322.89
2020-07-28 12:10:00,322.84
2020-07-28 12:20:00,322.62
2020-07-28 12:30:00,322.68
2020-07-28 12:40:00,322.87
2020-07-28 12:50:00,322.83
2020-07-28 13:00:00,323.02
2020-07-28 13:10:00,323.035
2020-07-28 13:20:00,322.942
2020-07-28 13:30:00,323.15
2020-07-28 13:40:00,323.41
2020-07-28 13:50:00,323.52
2020-07-28 14:00:00,323.52
2020-07-28 14:10:00,323.43
2020-07-28 14:20:00,323.385
2020-07-28 14:30:00,323.13
2020-07-28 14:40:00,323.36
2020-07-28 14:50:00,323.09
2020-07-28 15:00:00,323.0
2020-07-28 15:10:00,322.57
2020-07-28 15:20:00,322.514
2020-07-28 15:30:00,321.97
2020-07-28 15:40:00,321.72
2020-07-28 15:50:00,321.4
2020-07-28 16:00:00,321.19
2020-07-29 09:30:00,322.12
2020-07-29 09:40:00,322.38
2020-07-29 09:50:00,322.36
2020-07-29 10:00:00,322.8
2020-07-29 10:10:00,323.2
2020-07-29 10:20:00,323.34
2020-07-29 10:30:00,323.25
2020-07-29 10:40:00,323.4
2020-07-29 10:50:00,323.56
2020-07-29 11:00:00,323.77
2020-07-29 11:10:00,323.59
2020-07-29 11:20:00,323.4276
2020-07-29 11:30:00,323.8327
2020-07-29 11:40:00,323.73
2020-07-29 11:50:00,323.685
2020-07-29 12:00:00,323.66
2020-07-29 12:10:00,323.235
2020-07-29 12:20:00,323.51
2020-07-29 12:30:00,323.74
2020-07-29 12:40:00,324.02
2020-07-29 12:50:00,323.95
2020-07-29 13:00:00,323.96
2020-07-29 13:10:00,323.97
2020-07-29 13:20:00,324.145
2020-07-29 13:30:00,324.2
2020-07-29 13:40:00,324.14
2020-07-29 13:50:00,324.15
2020-07-29 14:00:00,323.99
2020-07-29 14:10:00,324.27
2020-07-29 14:20:00,324.31
2020-07-29 14:30:00,324.36
2020-07-29 14:40:00,324.98
2020-07-29 14:50:00,325.26
2020-07-29 15:00:00,324.54
2020-07-29 15:10:00,324.49
2020-07-29 15:20:00,324.98
2020-07-29 15:30:00,325.2
2020-07-29 15:40:00,325.58
2020-07-29 15:50:00,325.22
2020-07-29 16:00:00,325.1
2020-07-30 09:30:00,325.12
2020-07-30 09:40:00,321.79
2020-07-30 09:50:00,321.65
2020-07-30 10:00:00,320.0
2020-07-30 10:10:00,320.9
2020-07-30 10:20:00,320.321
2020-07-30 10:30:00,320.78
2020-07-30 10:40:00,321.59
2020-07-30 10:50:00,320.8
2020-07-30 11:00:00,321.41
2020-07-30 11:10:00,321.731
2020-07-30 11:20:00,322.32
2020-07-30 11:30:00,322.09
2020-07-30 11:40:00,322.635
2020-07-30 11:50:00,322.73
2020-07-30 12:00:00,322.755
2020-07-30 12:10:00,322.47
2020-07-30 12:20:00,323.6898
2020-07-30 12:30:00,323.3918
2020-07-30 12:40:00,323.4
2020-07-30 12:50:00,323.5675
2020-07-30 13:00:00,323.57
2020-07-30 13:10:00,323.86
2020-07-30 13:20:00,324.29
2020-07-30 13:30:00,323.73
2020-07-30 13:40:00,323.16
2020-07-30 13:50:00,323.3267
2020-07-30 14:00:00,323.715
2020-07-30 14:10:00,323.84
2020-07-30 14:20:00,323.43
2020-07-30 14:30:00,323.44
2020-07-30 14:40:00,323.86
2020-07-30 14:50:00,324.13
2020-07-30 15:00:00,323.9
2020-07-30 15:10:00,323.5
2020-07-30 15:20:00,324.18
2020-07-30 15:30:00,324.25
2020-07-30 15:40:00,323.8818
2020-07-30 15:50:00,323.66
2020-07-30 16:00:00,324.01
2020-07-31 09:30:00,323.96
2020-07-31 09:40:00,324.52
2020-07-31 09:50:00,324.66
2020-07-31 10:00:00,324.695
2020-07-31 10:10:00,323.935
2020-07-31 10:20:00,322.86
2020-07-31 10:30:00,322.75
2020-07-31 10:40:00,323.375
2020-07-31 10:50:00,323.08
2020-07-31 11:00:00,323.305
2020-07-31 11:10:00,323.15
2020-07-31 11:20:00,324.352
2020-07-31 11:30:00,324.14
2020-07-31 11:40:00,323.7999
2020-07-31 11:50:00,324.01
2020-07-31 12:00:00,323.26
2020-07-31 12:10:00,322.61
2020-07-31 12:20:00,322.48
2020-07-31 12:30:00,322.89
2020-07-31 12:40:00,321.77
2020-07-31 12:50:00,321.86
2020-07-31 13:00:00,321.71
2020-07-31 13:10:00,322.05
2020-07-31 13:20:00,322.01
2020-07-31 13:30:00,322.73
2020-07-31 13:40:00,322.365
2020-07-31 13:50:00,322.91
2020-07-31 14:00:00,322.5964
2020-07-31 14:10:00,322.11
2020-07-31 14:20:00,322.08
2020-07-31 14:30:00,322.59
2020-07-31 14:40:00,322.8984
2020-07-31 14:50:00,323.21
2020-07-31 15:00:00,323.91
2020-07-31 15:10:00,324.34
2020-07-31 15:20:00,324.44
2020-07-31 15:30:00,324.6007
2020-07-31 15:40:00,324.735
2020-07-31 15:50:00,325.37
2020-07-31 16:00:00,326.46
2020-08-03 09:30:00,326.52
2020-08-03 09:40:00,327.76
2020-08-03 09:50:00,328.03
2020-08-03 10:00:00,328.345
2020-08-03 10:10:00,328.99
2020-08-03 10:20:00,329.04
2020-08-03 10:30:00,328.61
2020-08-03 10:40:00,328.8067
2020-08-03 10:50:00,327.93
2020-08-03 11:00:00,328.23
2020-08-03 11:10:00,328.59
2020-08-03 11:20:00,328.825
2020-08-03 11:30:00,328.84
2020-08-03 11:40:00,329.11
2020-08-03 11:50:00,329.18
2020-08-03 12:00:00,329.06
2020-08-03 12:10:00,328.96
2020-08-03 12:20:00,329.005
2020-08-03 12:30:00,328.87
2020-08-03 12:40:00,328.92
2020-08-03 12:50:00,328.9777
2020-08-03 13:00:00,328.9
2020-08-03 13:10:00,328.99
2020-08-03 13:20:00,329.02
2020-08-03 13:30:00,329.1499
2020-08-03 13:40:00,329.0901
2020-08-03 13:50:00,328.93
2020-08-03 14:00:00,329.08
2020-08-03 14:10:00,328.91
2020-08-03 14:20:00,329.33
2020-08-03 14:30:00,329.41
2020-08-03 14:40:00,329.58
2020-08-03 14:50:00,329.405
2020-08-03 15:00:00,329.46
2020-08-03 15:10:00,329.3201
2020-08-03 15:20:00,328.9
2020-08-03 15:30:00,328.995
2020-08-03 15:40:00,329.031
2020-08-03 15:50:00,329.135
2020-08-03 16:00:00,328.81
2020-08-04 09:30:00,328.79
2020-08-04 09:40:00,328.18
2020-08-04 09:50:00,328.635
2020-08-04 10:00:00,328.65
2020-08-04 10:10:00,329.25
2020-08-04 10:20:00,329.09
2020-08-04 10:30:00,328.77
2020-08-04 10:40:00,328.94
2020-08-04 10:50:00,329.38
2020-08-04 11:00:00,329.38
2020-08-04 11:10:00,329.27
2020-08-04 11:20:00,329.6101
2020-08-04 11:30:00,329.415
2020-08-04 11:40:00,329.32
2020-08-04 11:50:00,329.4
2020-08-04 12:00:00,329.4275
2020-08-04 12:10:00,329.005
2020-08-04 12:20:00,328.9
2020-08-04 12:30:00,329.14
2020-08-04 12:40:00,329.02
2020-08-04 12:50:00,329.08
2020-08-04 13:00:00,328.92
2020-08-04 13:10:00,328.88
2020-08-04 13:20:00,329.355
2020-08-04 13:30:00,329.28
2020-08-04 13:40:00,329.285
2020-08-04 13:50:00,329.1
2020-08-04 14:00:00,329.33
2020-08-04 14:10:00,329.26
2020-08-04 14:20:00,329.155
2020-08-04 14:30:00,328.67
2020-08-04 14:40:00,327.96
2020-08-04 14:50:00,328.525
2020-08-04 15:00:00,328.9839
2020-08-04 15:10:00,329.005
2020-08-04 15:20:00,329.06
2020-08-04 15:30:00,329.15
2020-08-04 15:40:00,329.2
2020-08-04 15:50:00,329.365
2020-08-04 16:00:00,330.02
2020-08-05 09:30:00,330.06
2020-08-05 09:40:00,331.6236
2020-08-05 09:50:00,331.59
2020-08-05 10:00:00,331.88
2020-08-05 10:10:00,331.99
2020-08-05 10:20:00,331.88
2020-08-05 10:30:00,332.0
2020-08-05 10:40:00,331.75
2020-08-05 10:50:00,331.98
2020-08-05 11:00:00,331.86
2020-08-05 11:10:00,332.3
2020-08-05 11:20:00,332.205
2020-08-05 11:30:00,332.03
2020-08-05 11:40:00,332.2
2020-08-05 11:50:00,331.84
2020-08-05 12:00:00,331.64
2020-08-05 12:10:00,331.79
2020-08-05 12:20:00,331.83
2020-08-05 12:30:00,331.5
2020-08-05 12:40:00,331.7848
2020-08-05 12:50:00,331.76
2020-08-05 13:00:00,331.8
2020-08-05 13:10:00,331.74
2020-08-05 13:20:00,331.849
2020-08-05 13:30:00,331.87
2020-08-05 13:40:00,331.925
2020-08-05 13:50:00,331.775
2020-08-05 14:00:00,331.885
2020-08-05 14:10:00,331.99
2020-08-05 14:20:00,331.97
2020-08-05 14:30:00,332.1
2020-08-05 14:40:00,332.13
2020-08-05 14:50:00,331.95
2020-08-05 15:00:00,331.88
2020-08-05 15:10:00,331.69
2020-08-05 15:20:00,331.835
2020-08-05 15:30:00,331.76
2020-08-05 15:40:00,331.8742
2020-08-05 15:50:00,331.28
2020-08-05 16:00:00,332.095
2020-08-06 09:30:00,332.11
2020-08-06 09:40:00,331.4
2020-08-06 09:50:00,331.8
2020-08-06 10:00:00,332.26
2020-08-06 10:10:00,332.12
2020-08-06 10:20:00,332.31
2020-08-06 10:30:00,332.47
2020-08-06 10:40:00,331.99
2020-08-06 10:50:00,331.4601
2020-08-06 11:00:00,331.75
2020-08-06 11:10:00,331.91
2020-08-06 11:20:00,331.81
2020-08-06 11:30:00,331.59
2020-08-06 11:40:00,331.5879
2020-08-06 11:50:00,331.6615
2020-08-06 12:00:00,331.65
2020-08-06 12:10:00,331.93
2020-08-06 12:20:00,332.0
2020-08-06 12:30:00,332.07
2020-08-06 12:40:00,332.14
2020-08-06 12:50:00,332.18
2020-08-06 13:00:00,332.42
2020-08-06 13:10:00,332.36
2020-08-06 13:20:00,332.3401
2020-08-06 13:30:00,332.48
2020-08-06 13:40:00,332.48
2020-08-06 13:50:00,332.73
2020-08-06 14:00:00,332.81
2020-08-06 14:10:00,333.33
2020-08-06 14:20:00,333.35
2020-08-06 14:30:00,333.6259
2020-08-06 14:40:00,333.88
2020-08-06 14:50:00,333.9401
2020-08-06 15:00:00,333.995
2020-08-06 15:10:00,333.95
2020-08-06 15:20:00,334.42
2020-08-06 15:30:00,334.13
2020-08-06 15:40:00,334.2
2020-08-06 15:50:00,333.8
2020-08-06 16:00:00,334.3
2020-08-07 09:30:00,334.33
2020-08-07 09:40:00,333.1433
2020-08-07 09:50:00,333.885
2020-08-07 10:00:00,333.94
2020-08-07 10:10:00,333.86
2020-08-07 10:20:00,333.46
2020-08-07 10:30:00,333.71
2020-08-07 10:40:00,334.1
2020-08-07 10:50:00,334.23
2020-08-07 11:00:00,334.375
2020-08-07 11:10:00,334.53
2020-08-07 11:20:00,333.87
2020-08-07 11:30:00,333.76
2020-08-07 11:40:00,334.12
2020-08-07 11:50:00,334.15
2020-08-07 12:00:00,333.55
2020-08-07 12:10:00,333.55
2020-08-07 12:20:00,333.85
2020-08-07 12:30:00,334.33
2020-08-07 12:40:00,334.4301
2020-08-07 12:50:00,334.05
2020-08-07 13:00:00,333.9
2020-08-07 13:10:00,333.215
2020-08-07 13:20:00,333.22
2020-08-07 13:30:00,333.65
2020-08-07 13:40:00,334.01
2020-08-07 13:50:00,333.39
2020-08-07 14:00:00,333.01
2020-08-07 14:10:00,332.82
2020-08-07 14:20:00,332.67
2020-08-07 14:30:00,332.48
2020-08-07 14:40:00,332.97
2020-08-07 14:50:00,333.07
2020-08-07 15:00:00,333.3
2020-08-07 15:10:00,333.7
2020-08-07 15:20:00,333.47
2020-08-07 15:30:00,333.29
2020-08-07 15:40:00,333.87
2020-08-07 15:50:00,334.631
2020-08-07 16:00:00,334.6
2020-08-10 09:30:00,334.57
2020-08-10 09:40:00,335.25
2020-08-10 09:50:00,335.4801
2020-08-10 10:00:00,335.1
2020-08-10 10:10:00,334.975
2020-08-10 10:20:00,335.34
2020-08-10 10:30:00,335.32
2020-08-10 10:40:00,335.12
2020-08-10 10:50:00,334.18
2020-08-10 11:00:00,333.19
2020-08-10 11:10:00,333.8173
2020-08-10 11:20:00,334.08
2020-08-10 11:30:00,334.36
2020-08-10 11:40:00,334.415
2020-08-10 11:50:00,334.44
2020-08-10 12:00:00,334.95
2020-08-10 12:10:00,334.89
2020-08-10 12:20:00,334.73
2020-08-10 12:30:00,334.41
2020-08-10 12:40:00,334.675
2020-08-10 12:50:00,335.12
2020-08-10 13:00:00,335.15
2020-08-10 13:10:00,335.37
2020-08-10 13:20:00,335.18
2020-08-10 13:30:00,335.225
2020-08-10 13:40:00,335.27
2020-08-10 13:50:00,335.055
2020-08-10 14:00:00,335.09
2020-08-10 14:10:00,335.19
2020-08-10 14:20:00,335.12
2020-08-10 14:30:00,335.27
2020-08-10 14:40:00,335.11
2020-08-10 14:50:00,335.01
2020-08-10 15:00:00,335.485
2020-08-10 15:10:00,335.6
2020-08-10 15:20:00,335.41
2020-08-10 15:30:00,335.3
2020-08-10 15:40:00,335.2
2020-08-10 15:50:00,334.905
2020-08-10 16:00:00,335.48
2020-08-11 09:30:00,335.57
2020-08-11 09:40:00,337.0
2020-08-11 09:50:00,337.098
2020-08-11 10:00:00,336.39
2020-08-11 10:10:00,335.6
2020-08-11 10:20:00,336.4
2020-08-11 10:30:00,336.4977
2020-08-11 10:40:00,336.73
2020-08-11 10:50:00,336.42
2020-08-11 11:00:00,336.71
2020-08-11 11:10:00,337.02
2020-08-11 11:20:00,336.97
2020-08-11 11:30:00,337.12
2020-08-11 11:40:00,336.87
2020-08-11 11:50:00,336.78
2020-08-11 12:00:00,336.63
2020-08-11 12:10:00,336.6647
2020-08-11 12:20:00,336.94
2020-08-11 12:30:00,337.08
2020-08-11 12:40:00,337.11
2020-08-11 12:50:00,337.12
2020-08-11 13:00:00,336.99
2020-08-11 13:10:00,337.06
2020-08-11 13:20:00,337.075
2020-08-11 13:30:00,337.47
2020-08-11 13:40:00,337.23
2020-08-11 13:50:00,336.94
2020-08-11 14:00:00,337.24
2020-08-11 14:10:00,337.33
2020-08-11 14:20:00,336.82
2020-08-11 14:30:00,336.28
2020-08-11 14:40:00,335.965
2020-08-11 14:50:00,335.88
2020-08-11 15:00:00,336.31
2020-08-11 15:10:00,335.63
2020-08-11 15:20:00,333.8585
2020-08-11 15:30:00,334.72
2020-08-11 15:40:00,333.9599
2020-08-11 15:50:00,333.18
2020-08-11 16:00:00,332.71
2020-08-12 09:30:00,335.46
2020-08-12 09:40:00,335.805
2020-08-12 09:50:00,336.11
2020-08-12 10:00:00,336.41
2020-08-12 10:10:00,336.53
2020-08-12 10:20:00,336.74
2020-08-12 10:30:00,337.17
2020-08-12 10:40:00,337.11
2020-08-12 10:50:00,336.98
2020-08-12 11:00:00,337.26
2020-08-12 11:10:00,337.22
2020-08-12 11:20:00,337.14
2020-08-12 11:30:00,337.1733
2020-08-12 11:40:00,337.14
2020-08-12 11:50:00,337.05
2020-08-12 12:00:00,337.23
2020-08-12 12:10:00,337.54
2020-08-12 12:20:00,337.59
2020-08-12 12:30:00,337.66
2020-08-12 12:40:00,337.78
2020-08-12 12:50:00,337.48
2020-08-12 13:00:00,337.07
2020-08-12 13:10:00,336.95
2020-08-12 13:20:00,336.79
2020-08-12 13:30:00,336.65
2020-08-12 13:40:00,337.265
2020-08-12 13:50:00,337.52
2020-08-12 14:00:00,337.89
2020-08-12 14:10:00,337.65
2020-08-12 14:20:00,337.77
2020-08-12 14:30:00,337.74
2020-08-12 14:40:00,337.57
2020-08-12 14:50:00,337.82
2020-08-12 15:00:00,337.88
2020-08-12 15:10:00,337.73
2020-08-12 15:20:00,338.28
2020-08-12 15:30:00,338.06
2020-08-12 15:40:00,337.685
2020-08-12 15:50:00,337.68
2020-08-12 16:00:00,337.43
2020-08-13 09:30:00,337.44
2020-08-13 09:40:00,337.21
2020-08-13 09:50:00,337.24
2020-08-13 10:00:00,337.9
2020-08-13 10:10:00,337.74
2020-08-13 10:20:00,337.58
2020-08-13 10:30:00,337.67
2020-08-13 10:40:00,337.68
2020-08-13 10:50:00,337.73
2020-08-13 11:00:00,337.84
2020-08-13 11:10:00,337.9467
2020-08-13 11:20:00,338.0099
2020-08-13 11:30:00,337.845
2020-08-13 11:40:00,337.61
2020-08-13 11:50:00,337.6302
2020-08-13 12:00:00,337.68
2020-08-13 12:10:00,337.95
2020-08-13 12:20:00,337.915
2020-08-13 12:30:00,337.84
2020-08-13 12:40:00,337.94
2020-08-13 12:50:00,338.05
2020-08-13 13:00:00,338.11
2020-08-13 13:10:00,337.83
2020-08-13 13:20:00,337.85
2020-08-13 13:30:00,337.58
2020-08-13 13:40:00,337.29
2020-08-13 13:50:00,337.7717
2020-08-13 14:00:00,337.58
2020-08-13 14:10:00,337.37
2020-08-13 14:20:00,336.775
2020-08-13 14:30:00,336.86
2020-08-13 14:40:00,336.425
2020-08-13 14:50:00,336.71
2020-08-13 15:00:00,336.275
2020-08-13 15:10:00,336.26
2020-08-13 15:20:00,336.8
2020-08-13 15:30:00,337.16
2020-08-13 15:40:00,336.9
2020-08-13 15:50:00,336.65
2020-08-13 16:00:00,336.86
2020-08-14 09:30:00,336.47
2020-08-14 09:40:00,336.44
2020-08-14 09:50:00,336.01
2020-08-14 10:00:00,336.67
2020-08-14 10:10:00,336.78
2020-08-14 10:20:00,336.2399
2020-08-14 10:30:00,336.255
2020-08-14 10:40:00,336.74
2020-08-14 10:50:00,336.95
2020-08-14 11:00:00,336.56
2020-08-14 11:10:00,336.87
2020-08-14 11:20:00,336.91
2020-08-14 11:30:00,337.18
2020-08-14 11:40:00,337.14
2020-08-14 11:50:00,337.06
2020-08-14 12:00:00,337.1
2020-08-14 12:10:00,337.21
2020-08-14 12:20:00,337.0298
2020-08-14 12:30:00,336.95
2020-08-14 12:40:00,337.22
2020-08-14 12:50:00,337.14
2020-08-14 13:00:00,336.98
2020-08-14 13:10:00,336.93
2020-08-14 13:20:00,337.1
2020-08-14 13:30:00,337.1367
2020-08-14 13:40:00,337.16
2020-08-14 13:50:00,337.19
2020-08-14 14:00:00,337.41
2020-08-14 14:10:00,337.185
2020-08-14 14:20:00,337.0701
2020-08-14 14:30:00,336.96
2020-08-14 14:40:00,336.8999
2020-08-14 14:50:00,336.61
2020-08-14 15:00:00,336.57
2020-08-14 15:10:00,336.46
2020-08-14 15:20:00,336.13
2020-08-14 15:30:00,336.1
2020-08-14 15:40:00,335.91
2020-08-14 15:50:00,335.765
2020-08-14 16:00:00,336.71
2020-08-17 09:30:00,336.84
2020-08-17 09:40:00,337.961
2020-08-17 09:50:00,338.06
2020-08-17 10:00:00,337.96
2020-08-17 10:10:00,337.96
2020-08-17 10:20:00,337.96
2020-08-17 10:30:00,337.96
2020-08-17 10:40:00,337.96
2020-08-17 10:50:00,337.96
2020-08-17 11:00:00,337.96
2020-08-17 11:10:00,337.96
2020-08-17 11:20:00,337.96
2020-08-17 11:30:00,337.96
2020-08-17 11:40:00,337.96
2020-08-17 11:50:00,337.96
2020-08-17 12:00:00,337.96
2020-08-17 12:10:00,337.96
2020-08-17 12:20:00,337.96
2020-08-17 12:30:00,337.96
2020-08-17 12:40:00,337.96
2020-08-17 12:50:00,337.96
2020-08-17 13:00:00,337.96
2020-08-17 13:10:00,337.96
2020-08-17 13:20:00,337.96
2020-08-17 13:30:00,337.96
2020-08-17 13:40:00,337.96
2020-08-17 13:50:00,337.96
2020-08-17 14:00:00,337.96
2020-08-17 14:10:00,337.96
2020-08-17 14:20:00,337.96
2020-08-17 14:30:00,337.96
2020-08-17 14:40:00,337.96
2020-08-17 14:50:00,337.96
2020-08-17 15:00:00,337.96
2020-08-17 15:10:00,337.96
2020-08-17 15:20:00,337.96
2020-08-17 15:30:00,337.96
2020-08-17 15:40:00,337.96
2020-08-17 15:50:00,337.96
2020-08-17 16:00:00,337.96
2020-08-18 09:30:00,338.35
2020-08-18 09:40:00,338.48
2020-08-18 09:50:00,338.48
2020-08-18 10:00:00,338.48
2020-08-18 10:10:00,337.74
2020-08-18 10:20:00,337.74
2020-08-18 10:30:00,336.86
2020-08-18 10:40:00,336.68
2020-08-18 10:50:00,337.41
2020-08-18 11:00:00,337.7699
2020-08-18 11:10:00,337.98
2020-08-18 11:20:00,337.97
2020-08-18 11:30:00,338.266
2020-08-18 11:40:00,338.335
2020-08-18 11:50:00,338.3
2020-08-18 12:00:00,338.38
2020-08-18 12:10:00,338.47
2020-08-18 12:20:00,338.35
2020-08-18 12:30:00,338.485
2020-08-18 12:40:00,338.67
2020-08-18 12:50:00,338.69
2020-08-18 13:00:00,338.7082
2020-08-18 13:10:00,338.84
2020-08-18 13:20:00,338.76
2020-08-18 13:30:00,338.66
2020-08-18 13:40:00,338.91
2020-08-18 13:50:00,338.915
2020-08-18 14:00:00,338.81
2020-08-18 14:10:00,338.78
2020-08-18 14:20:00,338.6801
2020-08-18 14:30:00,338.79
2020-08-18 14:40:00,338.74
2020-08-18 14:50:00,338.82
2020-08-18 15:00:00,338.855
2020-08-18 15:10:00,338.6899
2020-08-18 15:20:00,338.88
2020-08-18 15:30:00,338.77
2020-08-18 15:40:00,338.61
2020-08-18 15:50:00,338.66
2020-08-18 16:00:00,338.52
2020-08-19 09:30:00,339.08
2020-08-19 09:40:00,339.11
2020-08-19 09:50:00,338.73
2020-08-19 10:00:00,338.79
2020-08-19 10:10:00,338.83
2020-08-19 10:20:00,338.93
2020-08-19 10:30:00,339.13
2020-08-19 10:40:00,339.19
2020-08-19 10:50:00,339.248
2020-08-19 11:00:00,339.25
2020-08-19 11:10:00,339.17
2020-08-19 11:20:00,339.098
2020-08-19 11:30:00,339.3
2020-08-19 11:40:00,339.55
2020-08-19 11:50:00,339.4699
2020-08-19 12:00:00,339.5015
2020-08-19 12:10:00,339.375
2020-08-19 12:20:00,339.325
2020-08-19 12:30:00,339.4
2020-08-19 12:40:00,339.34
2020-08-19 12:50:00,339.125
2020-08-19 13:00:00,339.175
2020-08-19 13:10:00,339.1801
2020-08-19 13:20:00,339.2902
2020-08-19 13:30:00,339.18
2020-08-19 13:40:00,339.32
2020-08-19 13:50:00,339.429
2020-08-19 14:00:00,339.37
2020-08-19 14:10:00,339.1401
2020-08-19 14:20:00,338.18
2020-08-19 14:30:00,338.17
2020-08-19 14:40:00,338.23
2020-08-19 14:50:00,338.4
2020-08-19 15:00:00,338.6301
2020-08-19 15:10:00,338.7
2020-08-19 15:20:00,338.28
2020-08-19 15:30:00,337.89
2020-08-19 15:40:00,337.68
2020-08-19 15:50:00,336.72
2020-08-19 16:00:00,337.33
2020-08-20 09:30:00,335.4
2020-08-20 09:40:00,336.115
2020-08-20 09:50:00,336.45
2020-08-20 10:00:00,336.74
2020-08-20 10:10:00,336.81
2020-08-20 10:20:00,337.21
2020-08-20 10:30:00,337.15
2020-08-20 10:40:00,336.97
2020-08-20 10:50:00,337.28
2020-08-20 11:00:00,337.15
2020-08-20 11:10:00,336.8
2020-08-20 11:20:00,336.89
2020-08-20 11:30:00,337.22
2020-08-20 11:40:00,337.62
2020-08-20 11:50:00,337.53
2020-08-20 12:00:00,337.72
2020-08-20 12:10:00,337.65
2020-08-20 12:20:00,337.5723
2020-08-20 12:30:00,337.585
2020-08-20 12:40:00,337.565
2020-08-20 12:50:00,337.415
2020-08-20 13:00:00,337.32
2020-08-20 13:10:00,337.215
2020-08-20 13:20:00,337.3599
2020-08-20 13:30:00,337.48
2020-08-20 13:40:00,337.64
2020-08-20 13:50:00,337.56
2020-08-20 14:00:00,337.58
2020-08-20 14:10:00,337.665
2020-08-20 14:20:00,337.73
2020-08-20 14:30:00,338.04
2020-08-20 14:40:00,338.03
2020-08-20 14:50:00,338.0801
2020-08-20 15:00:00,338.21
2020-08-20 15:10:00,338.57
2020-08-20 15:20:00,338.045
2020-08-20 15:30:00,338.028
2020-08-20 15:40:00,338.23
2020-08-20 15:50:00,338.52
2020-08-20 16:00:00,338.27
2020-08-21 09:30:00,337.92
2020-08-21 09:40:00,337.8
2020-08-21 09:50:00,338.6
2020-08-21 10:00:00,338.62
2020-08-21 10:10:00,338.5817
2020-08-21 10:20:00,338.23
2020-08-21 10:30:00,338.495
2020-08-21 10:40:00,338.71
2020-08-21 10:50:00,338.61
2020-08-21 11:00:00,338.61
2020-08-21 11:10:00,338.424
2020-08-21 11:20:00,338.22
2020-08-21 11:30:00,338.55
2020-08-21 11:40:00,338.32
2020-08-21 11:50:00,338.24
2020-08-21 12:00:00,337.96
2020-08-21 12:10:00,338.47
2020-08-21 12:20:00,338.715
2020-08-21 12:30:00,338.665
2020-08-21 12:40:00,338.57
2020-08-21 12:50:00,338.72
2020-08-21 13:00:00,338.57
2020-08-21 13:10:00,338.61
2020-08-21 13:20:00,338.6
2020-08-21 13:30:00,338.57
2020-08-21 13:40:00,338.855
2020-08-21 13:50:00,338.88
2020-08-21 14:00:00,338.845
2020-08-21 14:10:00,338.95
2020-08-21 14:20:00,339.01
2020-08-21 14:30:00,339.05
2020-08-21 14:40:00,339.24
2020-08-21 14:50:00,339.21
2020-08-21 15:00:00,339.33
2020-08-21 15:10:00,339.62
2020-08-21 15:20:00,339.45
2020-08-21 15:30:00,339.49
2020-08-21 15:40:00,339.4277
2020-08-21 15:50:00,339.22
2020-08-21 16:00:00,339.48
2020-08-24 09:30:00,342.13
2020-08-24 09:40:00,342.04
2020-08-24 09:50:00,342.01
2020-08-24 10:00:00,341.86
2020-08-24 10:10:00,341.62
2020-08-24 10:20:00,342.35
2020-08-24 10:30:00,342.05
2020-08-24 10:40:00,342.185
2020-08-24 10:50:00,341.7317
2020-08-24 11:00:00,341.2898
2020-08-24 11:10:00,341.735
2020-08-24 11:20:00,341.72
2020-08-24 11:30:00,341.43
2020-08-24 11:40:00,341.8
2020-08-24 11:50:00,341.9299
2020-08-24 12:00:00,341.775
2020-08-24 12:10:00,341.84
2020-08-24 12:20:00,341.95
2020-08-24 12:30:00,341.71
2020-08-24 12:40:00,341.7918
2020-08-24 12:50:00,341.85
2020-08-24 13:00:00,341.691
2020-08-24 13:10:00,342.05
2020-08-24 13:20:00,341.89
2020-08-24 13:30:00,341.77
2020-08-24 13:40:00,341.83
2020-08-24 13:50:00,341.58
2020-08-24 14:00:00,341.78
2020-08-24 14:10:00,341.85
2020-08-24 14:20:00,341.88
2020-08-24 14:30:00,341.77
2020-08-24 14:40:00,341.545
2020-08-24 14:50:00,341.53
2020-08-24 15:00:00,341.51
2020-08-24 15:10:00,341.23
2020-08-24 15:20:00,341.53
2020-08-24 15:30:00,341.905
2020-08-24 15:40:00,342.16
2020-08-24 15:50:00,342.41
2020-08-24 16:00:00,342.96
2020-08-25 09:30:00,343.58
2020-08-25 09:40:00,342.98
2020-08-25 09:50:00,343.32
2020-08-25 10:00:00,343.34
2020-08-25 10:10:00,342.5983
2020-08-25 10:20:00,343.13
2020-08-25 10:30:00,342.77
2020-08-25 10:40:00,342.905
2020-08-25 10:50:00,342.4717
2020-08-25 11:00:00,342.7327
2020-08-25 11:10:00,343.05
2020-08-25 11:20:00,343.29
2020-08-25 11:30:00,343.15
2020-08-25 11:40:00,342.74
2020-08-25 11:50:00,342.59
2020-08-25 12:00:00,342.69
2020-08-25 12:10:00,342.82
2020-08-25 12:20:00,342.725
2020-08-25 12:30:00,342.87
2020-08-25 12:40:00,343.09
2020-08-25 12:50:00,343.08
2020-08-25 13:00:00,343.05
2020-08-25 13:10:00,343.08
2020-08-25 13:20:00,343.24
2020-08-25 13:30:00,343.2801
2020-08-25 13:40:00,343.32
2020-08-25 13:50:00,343.26
2020-08-25 14:00:00,343.21
2020-08-25 14:10:00,343.28
2020-08-25 14:20:00,343.48
2020-08-25 14:30:00,343.59
2020-08-25 14:40:00,343.56
2020-08-25 14:50:00,343.645
2020-08-25 15:00:00,343.6852
2020-08-25 15:10:00,343.725
2020-08-25 15:20:00,343.92
2020-08-25 15:30:00,344.045
2020-08-25 15:40:00,344.09
2020-08-25 15:50:00,343.97
2020-08-25 16:00:00,344.15
2020-08-26 09:30:00,344.12
2020-08-26 09:40:00,344.485
2020-08-26 09:50:00,344.6699
2020-08-26 10:00:00,344.7
2020-08-26 10:10:00,344.8
2020-08-26 10:20:00,344.78
2020-08-26 10:30:00,344.9
2020-08-26 10:40:00,345.12
2020-08-26 10:50:00,345.31
2020-08-26 11:00:00,345.24
2020-08-26 11:10:00,345.37
2020-08-26 11:20:00,345.12
2020-08-26 11:30:00,345.47
2020-08-26 11:40:00,345.475
2020-08-26 11:50:00,345.86
2020-08-26 12:00:00,345.995
2020-08-26 12:10:00,346.4699
2020-08-26 12:20:00,346.78
2020-08-26 12:30:00,346.88
2020-08-26 12:40:00,346.625
2020-08-26 12:50:00,346.5577
2020-08-26 13:00:00,346.61
2020-08-26 13:10:00,346.82
2020-08-26 13:20:00,346.88
2020-08-26 13:30:00,346.683
2020-08-26 13:40:00,346.97
2020-08-26 13:50:00,346.95
2020-08-26 14:00:00,347.0
2020-08-26 14:10:00,347.37
2020-08-26 14:20:00,347.54
2020-08-26 14:30:00,347.78
2020-08-26 14:40:00,347.16
2020-08-26 14:50:00,346.97
2020-08-26 15:00:00,346.53
2020-08-26 15:10:00,347.14
2020-08-26 15:20:00,347.27
2020-08-26 15:30:00,347.72
2020-08-26 15:40:00,347.33
2020-08-26 15:50:00,347.64
2020-08-26 16:00:00,347.58
2020-08-27 09:30:00,347.57
2020-08-27 09:40:00,347.51
2020-08-27 09:50:00,348.32
2020-08-27 10:00:00,349.26
2020-08-27 10:10:00,347.87
2020-08-27 10:20:00,348.55
2020-08-27 10:30:00,349.12
2020-08-27 10:40:00,349.34
2020-08-27 10:50:00,348.8673
2020-08-27 11:00:00,349.5366
2020-08-27 11:10:00,349.47
2020-08-27 11:20:00,348.915
2020-08-27 11:30:00,348.97
2020-08-27 11:40:00,349.49
2020-08-27 11:50:00,349.69
2020-08-27 12:00:00,349.54
2020-08-27 12:10:00,349.24
2020-08-27 12:20:00,348.49
2020-08-27 12:30:00,348.23
2020-08-27 12:40:00,347.88
2020-08-27 12:50:00,347.46
2020-08-27 13:00:00,346.89
2020-08-27 13:10:00,347.51
2020-08-27 13:20:00,347.905
2020-08-27 13:30:00,348.26
2020-08-27 13:40:00,348.1401
2020-08-27 13:50:00,348.09
2020-08-27 14:00:00,348.66
2020-08-27 14:10:00,348.87
2020-08-27 14:20:00,349.06
2020-08-27 14:30:00,349.3813
2020-08-27 14:40:00,349.33
2020-08-27 14:50:00,349.11
2020-08-27 15:00:00,349.15
2020-08-27 15:10:00,349.18
2020-08-27 15:20:00,349.4602
2020-08-27 15:30:00,349.45
2020-08-27 15:40:00,349.21
2020-08-27 15:50:00,348.89
2020-08-27 16:00:00,348.3
2020-08-28 09:30:00,348.33
2020-08-28 09:40:00,348.79
2020-08-28 09:50:00,349.03
2020-08-28 10:00:00,349.25
2020-08-28 10:10:00,348.92
2020-08-28 10:20:00,348.89
2020-08-28 10:30:00,348.86
2020-08-28 10:40:00,348.62
2020-08-28 10:50:00,348.75
2020-08-28 11:00:00,348.46
2020-08-28 11:10:00,348.76
2020-08-28 11:20:00,349.03
2020-08-28 11:30:00,349.18
2020-08-28 11:40:00,349.12
2020-08-28 11:50:00,349.23
2020-08-28 12:00:00,349.27
2020-08-28 12:10:00,349.46
2020-08-28 12:20:00,349.35
2020-08-28 12:30:00,349.2276
2020-08-28 12:40:00,349.205
2020-08-28 12:50:00,349.55
2020-08-28 13:00:00,349.675
2020-08-28 13:10:00,349.4082
2020-08-28 13:20:00,349.28
2020-08-28 13:30:00,348.805
2020-08-28 13:40:00,349.01
2020-08-28 13:50:00,348.97
2020-08-28 14:00:00,349.26
2020-08-28 14:10:00,349.34
2020-08-28 14:20:00,349.4477
2020-08-28 14:30:00,349.5012
2020-08-28 14:40:00,349.4111
2020-08-28 14:50:00,349.845
2020-08-28 15:00:00,349.77
2020-08-28 15:10:00,350.155
2020-08-28 15:20:00,350.4955
2020-08-28 15:30:00,350.37
2020-08-28 15:40:00,350.57
2020-08-28 15:50:00,350.52
2020-08-28 16:00:00,350.57
2020-08-31 09:30:00,350.28
2020-08-31 09:40:00,350.21
2020-08-31 09:50:00,350.345
2020-08-31 10:00:00,350.02
2020-08-31 10:10:00,350.185
2020-08-31 10:20:00,350.39
2020-08-31 10:30:00,350.16
2020-08-31 10:40:00,350.49
2020-08-31 10:50:00,350.5502
2020-08-31 11:00:00,350.64
2020-08-31 11:10:00,350.55
2020-08-31 11:20:00,350.29
2020-08-31 11:30:00,349.5
2020-08-31 11:40:00,349.89
2020-08-31 11:50:00,350.23
2020-08-31 12:00:00,350.15
2020-08-31 12:10:00,350.4301
2020-08-31 12:20:00,350.5711
2020-08-31 12:30:00,350.4082
2020-08-31 12:40:00,350.23
2020-08-31 12:50:00,350.27
2020-08-31 13:00:00,350.51
2020-08-31 13:10:00,350.4891
2020-08-31 13:20:00,350.64
2020-08-31 13:30:00,350.585
2020-08-31 13:40:00,350.5718
2020-08-31 13:50:00,350.798
2020-08-31 14:00:00,350.62
2020-08-31 14:10:00,350.52
2020-08-31 14:20:00,350.48
2020-08-31 14:30:00,350.375
2020-08-31 14:40:00,350.415
2020-08-31 14:50:00,350.72
2020-08-31 15:00:00,350.79
2020-08-31 15:10:00,350.765
2020-08-31 15:20:00,350.16
2020-08-31 15:30:00,350.46
2020-08-31 15:40:00,350.68
2020-08-31 15:50:00,351.15
2020-08-31 16:00:00,349.81
2020-09-01 09:30:00,350.2063
2020-09-01 09:40:00,349.92
2020-09-01 09:50:00,350.27
2020-09-01 10:00:00,350.63
2020-09-01 10:10:00,350.445
2020-09-01 10:20:00,350.635
2020-09-01 10:30:00,351.395
2020-09-01 10:40:00,351.21
2020-09-01 10:50:00,351.05
2020-09-01 11:00:00,350.68
2020-09-01 11:10:00,350.84
2020-09-01 11:20:00,350.98
2020-09-01 11:30:00,350.79
2020-09-01 11:40:00,350.86
2020-09-01 11:50:00,350.92
2020-09-01 12:00:00,350.7601
2020-09-01 12:10:00,351.04
2020-09-01 12:20:00,351.13
2020-09-01 12:30:00,350.955
2020-09-01 12:40:00,350.95
2020-09-01 12:50:00,350.92
2020-09-01 13:00:00,351.201
2020-09-01 13:10:00,351.0001
2020-09-01 13:20:00,350.985
2020-09-01 13:30:00,351.0
2020-09-01 13:40:00,351.195
2020-09-01 13:50:00,351.46
2020-09-01 14:00:00,351.335
2020-09-01 14:10:00,351.435
2020-09-01 14:20:00,351.6099
2020-09-01 14:30:00,351.73
2020-09-01 14:40:00,351.78
2020-09-01 14:50:00,351.74
2020-09-01 15:00:00,351.83
2020-09-01 15:10:00,351.83
2020-09-01 15:20:00,351.63
2020-09-01 15:30:00,351.52
2020-09-01 15:40:00,351.59
2020-09-01 15:50:00,351.66
2020-09-01 16:00:00,352.62
2020-09-02 09:30:00,352.6
2020-09-02 09:40:00,354.18
2020-09-02 09:50:00,354.17
2020-09-02 10:00:00,353.79
2020-09-02 10:10:00,353.7
2020-09-02 10:20:00,354.51
2020-09-02 10:30:00,354.97
2020-09-02 10:40:00,354.715
2020-09-02 10:50:00,354.76
2020-09-02 11:00:00,354.93
2020-09-02 11:10:00,354.53
2020-09-02 11:20:00,354.53
2020-09-02 11:30:00,354.43
2020-09-02 11:40:00,353.76
2020-09-02 11:50:00,354.35
2020-09-02 12:00:00,354.77
2020-09-02 12:10:00,354.87
2020-09-02 12:20:00,355.37
2020-09-02 12:30:00,355.45
2020-09-02 12:40:00,355.565
2020-09-02 12:50:00,355.588
2020-09-02 13:00:00,355.56
2020-09-02 13:10:00,355.56
2020-09-02 13:20:00,356.23
2020-09-02 13:30:00,356.46
2020-09-02 13:40:00,356.64
2020-09-02 13:50:00,356.5001
2020-09-02 14:00:00,356.45
2020-09-02 14:10:00,356.29
2020-09-02 14:20:00,356.37
2020-09-02 14:30:00,356.53
2020-09-02 14:40:00,356.485
2020-09-02 14:50:00,356.77
2020-09-02 15:00:00,356.76
2020-09-02 15:10:00,356.95
2020-09-02 15:20:00,357.74
2020-09-02 15:30:00,357.66
2020-09-02 15:40:00,358.05
2020-09-02 15:50:00,358.665
2020-09-02 16:00:00,357.68