TimeStamp,Cumulative Return
2020-07-06 09:30:00,0.0
2020-07-06 09:40:00,-0.0015485257402901853
2020-07-06 09:50:00,-0.0005056410580539517
2020-07-06 10:00:00,0.002686218120911299
2020-07-06 10:10:00,-0.0005688461903107234
2020-07-06 10:20:00,-0.0006478526056314937
2020-07-06 10:30:00,-0.001959359099958924
2020-07-06 10:40:00,-0.0006636538886957144
2020-07-06 10:50:00,0.001074487248364564
2020-07-06 11:00:00,0.0015485257402900743
2020-07-06 11:10:00,0.0013589103435198702
2020-07-06 11:20:00,0.002148974496729128
2020-07-06 11:30:00,0.0022121796289857887
2020-07-06 11:40:00,0.0018645514015738218
2020-07-06 11:50:00,0.002101570647536688
2020-07-06 12:00:00,6.320513225666069e-05
2020-07-06 12:10:00,-0.0003157096356223299
2020-07-06 12:20:00,-0.0006636538886957144
2020-07-06 12:30:00,-0.000537243624182282
2020-07-06 12:40:00,-0.0003476282274120779
2020-07-06 12:50:00,0.00028442309515530617
2020-07-06 13:00:00,0.00018961539677020411
2020-07-06 13:10:00,-0.00023069873273706687
2020-07-06 13:20:00,-0.0012008975128779964
2020-07-06 13:30:00,0.0004108333596688496
2020-07-06 13:40:00,0.00018961539677020411
2020-07-06 13:50:00,0.00022121796289864548
2020-07-06 14:00:00,0.0006004487564390537
2020-07-06 14:10:00,-0.0008216667193375882
2020-07-06 14:20:00,-0.002148974496729128
2020-07-06 14:30:00,-0.0014537180419049722
2020-07-06 14:40:00,-0.0006952564548242668
2020-07-06 14:50:00,-0.0016433334386751763
2020-07-06 15:00:00,-0.0013905129096483115
2020-07-06 15:10:00,-0.00180134626931705
2020-07-06 15:20:00,-0.0014537180419049722
2020-07-06 15:30:00,-0.0006952564548242668
2020-07-06 15:40:00,-0.0002844230951554172
2020-07-06 15:50:00,0.0018329488354453805
2020-07-06 16:00:00,0.00224378219511423
2020-07-07 09:40:00,-0.004234743861201595
2020-07-07 09:50:00,-0.0013115064943274302
2020-07-07 10:00:00,-0.001516923174161744
2020-07-07 10:10:00,0.0001580128306419848
2020-07-07 10:20:00,0.0013431090604556495
2020-07-07 10:30:00,0.0011376923806214467
2020-07-07 10:40:00,-0.0002054166798344248
2020-07-07 10:50:00,-0.0003002243782196379
2020-07-07 11:00:00,0.0012641026451347681
2020-07-07 11:10:00,0.0015485257402900743
2020-07-07 11:20:00,0.002970641216066827
2020-07-07 11:30:00,0.002683689915621068
2020-07-07 11:40:00,0.0012325000790063267
2020-07-07 11:50:00,0.0020668078247954025
2020-07-07 12:00:00,0.001074487248364564
2020-07-07 12:10:00,0.0002496602724142427
2020-07-07 12:20:00,-7.90064153209924e-05
2020-07-07 12:30:00,-0.0002844230951554172
2020-07-07 12:40:00,-0.0008374680024016978
2020-07-07 12:50:00,-0.0005214423411181723
2020-07-07 13:00:00,-0.00022121796289853446
2020-07-07 13:10:00,-0.0015801283064185156
2020-07-07 13:20:00,-0.0011060898144930054
2020-07-07 13:30:00,-0.0006004487564390537
2020-07-07 13:40:00,-0.0006952564548242668
2020-07-07 13:50:00,-0.00044243592579717994
2020-07-07 14:00:00,-0.0007268590209525971
2020-07-07 14:10:00,-0.0013194071358595405
2020-07-07 14:20:00,-0.0017381411370603894
2020-07-07 14:30:00,-0.0023701924596277735
2020-07-07 14:40:00,-0.003950320766046178
2020-07-07 14:50:00,-0.003665897670890983
2020-07-07 15:00:00,-0.002875833517681725
2020-07-07 15:10:00,-0.0048560503112853315
2020-07-07 15:20:00,-0.004582372088613562
2020-07-07 15:30:00,-0.00442435925797191
2020-07-07 15:40:00,-0.005293429826501939
2020-07-07 15:50:00,-0.007458205606295287
2020-07-07 16:00:00,-0.009133141611098794
2020-07-08 09:40:00,-0.0031918591789652506
2020-07-08 09:50:00,-0.0018645514015739328
2020-07-08 10:00:00,-0.0011165186613152356
2020-07-08 10:10:00,-0.001611730872546846
2020-07-08 10:20:00,-0.002196378345921679
2020-07-08 10:30:00,-0.003855513067661187
2020-07-08 10:40:00,-0.0026230129886546383
2020-07-08 10:50:00,-0.0033448155990266626
2020-07-08 11:00:00,-0.0032866668773504637
2020-07-08 11:10:00,-0.007268590209525083
2020-07-08 11:20:00,-0.009458648042220963
2020-07-08 11:30:00,-0.00938596214012588
2020-07-08 11:40:00,-0.008121859494991002
2020-07-08 11:50:00,-0.007527731251777636
2020-07-08 12:00:00,-0.006920961982112894
2020-07-08 12:10:00,-0.00717378251113987
2020-07-08 12:20:00,-0.005530449072464694
2020-07-08 12:30:00,-0.005814872167620111
2020-07-08 12:40:00,-0.006004487564390315
2020-07-08 12:50:00,-0.006573333754700816
2020-07-08 13:00:00,-0.004771987485383766
2020-07-08 13:10:00,-0.005119615712795844
2020-07-08 13:20:00,-0.0066681414530860295
2020-07-08 13:30:00,-0.007900641532092356
2020-07-08 13:40:00,-0.006541731188572486
2020-07-08 13:50:00,-0.00714217994501154
2020-07-08 14:00:00,-0.008090256928862671
2020-07-08 14:10:00,-0.008058654362734341
2020-07-08 14:20:00,-0.007015769680498107
2020-07-08 14:30:00,-0.006459880542300067
2020-07-08 14:40:00,-0.006573333754700816
2020-07-08 14:50:00,-0.00745788958063387
2020-07-08 15:00:00,-0.005562051638593024
2020-07-08 15:10:00,-0.004487564390228571
2020-07-08 15:20:00,-0.0033340707265430147
2020-07-08 15:30:00,-0.0027968271023607327
2020-07-08 15:40:00,-0.0030022437821950465
2020-07-08 15:50:00,-0.002970641216066716
2020-07-08 16:00:00,-0.0011376923806213357
2020-07-09 09:40:00,-0.0016275321556109557
2020-07-09 09:50:00,-0.0024650001580128755
2020-07-09 10:00:00,-0.0010112821161077923
2020-07-09 10:10:00,-0.0009164744177228012
2020-07-09 10:20:00,-0.005088013146667514
2020-07-09 10:30:00,-0.004045128464431391
2020-07-09 10:40:00,-0.006984167114369666
2020-07-09 10:50:00,-0.010492051954618664
2020-07-09 11:00:00,-0.014442372720664842
2020-07-09 11:10:00,-0.012720032866668896
2020-07-09 11:20:00,-0.01791865499478562
2020-07-09 11:30:00,-0.015106026609360779
2020-07-09 11:40:00,-0.01381032139809757
2020-07-09 11:50:00,-0.014347565022279851
2020-07-09 12:00:00,-0.013335966880510641
2020-07-09 12:10:00,-0.010097019878014035
2020-07-09 12:20:00,-0.009986410896564935
2020-07-09 12:30:00,-0.010839680182030853
2020-07-09 12:40:00,-0.011013494295736836
2020-07-09 12:50:00,-0.009464968555446762
2020-07-09 13:00:00,-0.00938596214012588
2020-07-09 13:10:00,-0.007805833833707365
2020-07-09 13:20:00,-0.0073001927756534135
2020-07-09 13:30:00,-0.007647821003065491
2020-07-09 13:40:00,-0.007711026135322152
2020-07-09 13:50:00,-0.008753910817558275
2020-07-09 14:00:00,-0.009733590367537848
2020-07-09 14:10:00,-0.007837436399835696
2020-07-09 14:20:00,-0.005830673450684332
2020-07-09 14:30:00,-0.005909679866005102
2020-07-09 14:40:00,-0.006510128622444156
2020-07-09 14:50:00,-0.006036090130518645
2020-07-09 15:00:00,-0.004866795183768979
2020-07-09 15:10:00,-0.004582372088613562
2020-07-09 15:20:00,-0.0044717631071643504
2020-07-09 15:30:00,-0.00799544923047757
2020-07-09 15:40:00,-0.008121859494991002
2020-07-09 15:50:00,-0.0057832696014915586
2020-07-09 16:00:00,-0.006383718357930612
2020-07-10 09:40:00,-0.00582372088613603
2020-07-10 09:50:00,-0.0056884619031065675
2020-07-10 10:00:00,-0.007805833833707365
2020-07-10 10:10:00,-0.009227949309484007
2020-07-10 10:20:00,-0.007236987643396753
2020-07-10 10:30:00,-0.0055936542047213544
2020-07-10 10:40:00,-0.00496160288215397
2020-07-10 10:50:00,-0.004392756691843358
2020-07-10 11:00:00,-0.004297948993458367
2020-07-10 11:10:00,-0.004203141295073154
2020-07-10 11:20:00,-0.003808109218468525
2020-07-10 11:30:00,-0.0034920835571848885
2020-07-10 11:40:00,-0.0030022437821950465
2020-07-10 11:50:00,-0.002401795025756104
2020-07-10 12:00:00,-0.00180134626931705
2020-07-10 12:10:00,-0.0013589103435198702
2020-07-10 12:20:00,-0.002591410422526308
2020-07-10 12:30:00,-0.003821382296242515
2020-07-10 12:40:00,-0.0038207502449199016
2020-07-10 12:50:00,-0.0024928104162057485
2020-07-10 13:00:00,-0.0019277565338305935
2020-07-10 13:10:00,-0.001706538570932059
2020-07-10 13:20:00,-0.0022026988591473673
2020-07-10 13:30:00,-0.0014537180419049722
2020-07-10 13:40:00,-0.0012957052112632095
2020-07-10 13:50:00,0.00012641026451354342
2020-07-10 14:00:00,0.0003476282274121889
2020-07-10 14:10:00,0.0002528205290268648
2020-07-10 14:20:00,-0.00022121796289853446
2020-07-10 14:30:00,-9.480769838521308e-05
2020-07-10 14:40:00,0.0010428846822361226
2020-07-10 14:50:00,0.0013431090604556495
2020-07-10 15:00:00,0.0013905129096483115
2020-07-10 15:10:00,0.001169294946749666
2020-07-10 15:20:00,0.0028126283854248424
2020-07-10 15:30:00,0.002781025819296623
2020-07-10 15:40:00,0.003033846348323488
2020-07-10 15:50:00,0.004139936162816493
2020-07-10 16:00:00,0.0038239105015327457
2020-07-13 09:40:00,0.010902885314287403
2020-07-13 09:50:00,0.011092500711057607
2020-07-13 10:00:00,0.00982934614290687
2020-07-13 10:10:00,0.012198590525550612
2020-07-13 10:20:00,0.013273393799576594
2020-07-13 10:30:00,0.01475839838194859
2020-07-13 10:40:00,0.01393673166261089
2020-07-13 10:50:00,0.014837404797269471
2020-07-13 11:00:00,0.016496539519008868
2020-07-13 11:10:00,0.01703378314319126
2020-07-13 11:20:00,0.017381411370603228
2020-07-13 11:30:00,0.01829788578832603
2020-07-13 11:40:00,0.017776443447207857
2020-07-13 11:50:00,0.016496539519008868
2020-07-13 12:00:00,0.016717757481907514
2020-07-13 12:10:00,0.017381411370603228
2020-07-13 12:20:00,0.016844167746421057
2020-07-13 12:30:00,0.0169705780109346
2020-07-13 12:40:00,0.017539424201245213
2020-07-13 12:50:00,0.016844167746421057
2020-07-13 13:00:00,0.016496539519008868
2020-07-13 13:10:00,0.016875770312549276
2020-07-13 13:20:00,0.01839269348671113
2020-07-13 13:30:00,0.01844009733590357
2020-07-13 13:40:00,0.019024744809278404
2020-07-13 13:50:00,0.017602629333501874
2020-07-13 14:00:00,0.01734980880447501
2020-07-13 14:10:00,0.013241475207786957
2020-07-13 14:20:00,0.014157949625509758
2020-07-13 14:30:00,0.010966090446544063
2020-07-13 14:40:00,0.010523654520746994
2020-07-13 14:50:00,0.012072180261037069
2020-07-13 15:00:00,0.012609423885219462
2020-07-13 15:10:00,0.0057358657522990075
2020-07-13 15:20:00,0.005119615712795955
2020-07-13 15:30:00,0.0021647757797933487
2020-07-13 15:40:00,-0.0030654489144519292
2020-07-13 15:50:00,-0.004771987485383766
2020-07-13 16:00:00,-0.005656859336978237
2020-07-14 09:40:00,-0.005909679866005102
2020-07-14 09:50:00,-0.008722308251429944
2020-07-14 10:00:00,-0.007900641532092356
2020-07-14 10:10:00,-0.012214391808614833
2020-07-14 10:20:00,-0.011376923806213135
2020-07-14 10:30:00,-0.006510128622444156
2020-07-14 10:40:00,-0.0059182125588598256
2020-07-14 10:50:00,-0.00312865404670859
2020-07-14 11:00:00,-0.0046139746547418925
2020-07-14 11:10:00,-0.0039819233321745084
2020-07-14 11:20:00,-0.00312865404670859
2020-07-14 11:30:00,-0.00357108997250577
2020-07-14 11:40:00,-0.0017381411370603894
2020-07-14 11:50:00,-0.000559365420472191
2020-07-14 12:00:00,-0.0013589103435198702
2020-07-14 12:10:00,-0.0030970514805802596
2020-07-14 12:20:00,-0.0005900199096167125
2020-07-14 12:30:00,-0.0013905129096483115
2020-07-14 12:40:00,-0.0009480769838511316
2020-07-14 12:50:00,-0.0006004487564390537
2020-07-14 13:00:00,-0.0033972758587996754
2020-07-14 13:10:00,-0.005656859336978237
2020-07-14 13:20:00,-0.004139936162816382
2020-07-14 13:30:00,-0.00312865404670859
2020-07-14 13:40:00,-0.0002528205290268648
2020-07-14 13:50:00,0.0003318269443479682
2020-07-14 14:00:00,-0.00015801283064187377
2020-07-14 14:10:00,0.000979679549979462
2020-07-14 14:20:00,0.0027178206870397403
2020-07-14 14:30:00,0.0025598078563979776
2020-07-14 14:40:00,0.0009164744177228012
2020-07-14 14:50:00,0.0002528205290268648
2020-07-14 15:00:00,0.0030335303226622923
2020-07-14 15:10:00,0.0003476282274121889
2020-07-14 15:20:00,-0.0008848718515944709
2020-07-14 15:30:00,0.0028442309515532838
2020-07-14 15:40:00,0.0038713143507251857
2020-07-14 15:50:00,0.0066681414530860295
2020-07-14 16:00:00,0.008058654362734341
2020-07-15 09:40:00,0.015832885630313154
2020-07-15 09:50:00,0.018740321714123098
2020-07-15 10:00:00,0.017223398539961465
2020-07-15 10:10:00,0.01665455234965063
2020-07-15 10:20:00,0.017602629333501874
2020-07-15 10:30:00,0.01918275763992039
2020-07-15 10:40:00,0.020096071801030124
2020-07-15 10:50:00,0.020431059001990937
2020-07-15 11:00:00,0.018550706317352894
2020-07-15 11:10:00,0.016022501027083358
2020-07-15 11:20:00,0.015485257402900965
2020-07-15 11:30:00,0.016749360048035955
2020-07-15 11:40:00,0.013778718831969128
2020-07-15 11:50:00,0.012008975128780408
2020-07-15 12:00:00,0.010460449388490334
2020-07-15 12:10:00,0.010820718642353677
2020-07-15 12:20:00,0.012925449546502987
2020-07-15 12:30:00,0.013178270075530074
2020-07-15 12:40:00,0.01115570584331449
2020-07-15 12:50:00,0.01381032139809757
2020-07-15 13:00:00,0.014695193249691707
2020-07-15 13:10:00,0.01611730872546846
2020-07-15 13:20:00,0.0152324368738741
2020-07-15 13:30:00,0.015390449704516085
2020-07-15 13:40:00,0.016338526688367105
2020-07-15 13:50:00,0.01573807793192805
2020-07-15 14:00:00,0.014790000948077031
2020-07-15 14:10:00,0.01703378314319126
2020-07-15 14:20:00,0.016717757481907514
2020-07-15 14:30:00,0.017223398539961465
2020-07-15 14:40:00,0.01734980880447501
2020-07-15 14:50:00,0.01701798186012704
2020-07-15 15:00:00,0.014252757323894638
2020-07-15 15:10:00,0.013683911133584026
2020-07-15 15:20:00,0.014631988117435046
2020-07-15 15:30:00,0.01611730872546846
2020-07-15 15:40:00,0.01741301393673167
2020-07-15 15:50:00,0.01919855892298461
2020-07-15 16:00:00,0.01734980880447501
2020-07-16 09:40:00,0.011250513541699592
2020-07-16 09:50:00,0.010902885314287403
2020-07-16 10:00:00,0.01011250513541695
2020-07-16 10:10:00,0.009796795499794397
2020-07-16 10:20:00,0.01033403912397679
2020-07-16 10:30:00,0.012008975128780408
2020-07-16 10:40:00,0.012198590525550612
2020-07-16 10:50:00,0.01251461618683436
2020-07-16 11:00:00,0.010808077615902523
2020-07-16 11:10:00,0.010018013462693265
2020-07-16 11:20:00,0.01027083399172013
2020-07-16 11:30:00,0.011187308409442931
2020-07-16 11:40:00,0.010476250671554554
2020-07-16 11:50:00,0.009512372404639313
2020-07-16 12:00:00,0.010586859653003655
2020-07-16 12:10:00,0.011092500711057607
2020-07-16 12:20:00,0.009638782669152857
2020-07-16 12:30:00,0.009896659608760183
2020-07-16 12:40:00,0.010555257086875436
2020-07-16 12:50:00,0.011092500711057607
2020-07-16 13:00:00,0.010460449388490334
2020-07-16 13:10:00,0.011882564864266865
2020-07-16 13:20:00,0.012767752741522642
2020-07-16 13:30:00,0.013146667509401633
2020-07-16 13:40:00,0.011945769996523525
2020-07-16 13:50:00,0.01251461618683436
2020-07-16 14:00:00,0.010965774420882868
2020-07-16 14:10:00,0.01251461618683436
2020-07-16 14:20:00,0.012388205922321038
2020-07-16 14:30:00,0.012862244414246327
2020-07-16 14:40:00,0.01216698795942217
2020-07-16 14:50:00,0.009891603198179721
2020-07-16 15:00:00,0.00938596214012577
2020-07-16 15:10:00,0.010507221186360383
2020-07-16 15:20:00,0.01161394305217578
2020-07-16 15:30:00,0.013747432291502104
2020-07-16 15:40:00,0.014948013778718794
2020-07-16 15:50:00,0.013115064943273413
2020-07-16 16:00:00,0.013620706001327365
2020-07-17 09:40:00,0.015485257402900965
2020-07-17 09:50:00,0.01513762917548922
2020-07-17 10:00:00,0.015453654836772746
2020-07-17 10:10:00,0.01428435989002308
2020-07-17 10:20:00,0.013841923964225789
2020-07-17 10:30:00,0.01159814176911178
2020-07-17 10:40:00,0.012242202066807817
2020-07-17 10:50:00,0.012941250829567208
2020-07-17 11:00:00,0.014537180419049944
2020-07-17 11:10:00,0.015485573428562383
2020-07-17 11:20:00,0.014695193249691707
2020-07-17 11:30:00,0.014948013778718794
2020-07-17 11:40:00,0.01475839838194859
2020-07-17 11:50:00,0.013952532945675333
2020-07-17 12:00:00,0.01564327023354295
2020-07-17 12:10:00,0.016385930537559767
2020-07-17 12:20:00,0.015927693328698256
2020-07-17 12:30:00,0.015896090762569814
2020-07-17 12:40:00,0.015896090762569814
2020-07-17 12:50:00,0.01573744588060544
2020-07-17 13:00:00,0.01513762917548922
2020-07-17 13:10:00,0.015817084347248933
2020-07-17 13:20:00,0.01477419966501281
2020-07-17 13:30:00,0.015883765761779856
2020-07-17 13:40:00,0.015077584299845181
2020-07-17 13:50:00,0.015601554846253585
2020-07-17 14:00:00,0.01520083430774588
2020-07-17 14:10:00,0.016844167746421057
2020-07-17 14:20:00,0.01785544986252874
2020-07-17 14:30:00,0.017381411370603228
2020-07-17 14:40:00,0.017128590841576363
2020-07-17 14:50:00,0.017286603672218126
2020-07-17 15:00:00,0.017571026767373432
2020-07-17 15:10:00,0.017539424201245213
2020-07-17 15:20:00,0.017571026767373432
2020-07-17 15:30:00,0.018582308883481335
2020-07-17 15:40:00,0.018629712732673775
2020-07-17 15:50:00,0.018171475523812486
2020-07-17 16:00:00,0.01665455234965063
2020-07-20 09:40:00,0.016275321556110223
2020-07-20 09:50:00,0.013715513699712245
2020-07-20 10:00:00,0.014853206080333692
2020-07-20 10:10:00,0.01665455234965063
2020-07-20 10:20:00,0.01773757229087014
2020-07-20 10:30:00,0.019530385867332356
2020-07-20 10:40:00,0.020162753215561047
2020-07-20 10:50:00,0.019878014094744545
2020-07-20 11:00:00,0.01916695635685617
2020-07-20 11:10:00,0.01877192428025154
2020-07-20 11:20:00,0.01959359099958924
2020-07-20 11:30:00,0.019893815377808766
2020-07-20 11:40:00,0.020731283380210463
2020-07-20 11:50:00,0.020980943652624706
2020-07-20 12:00:00,0.020232278861043618
2020-07-20 12:10:00,0.019909616660872986
2020-07-20 12:20:00,0.020873494927788228
2020-07-20 12:30:00,0.019909616660872986
2020-07-20 12:40:00,0.02063647568182536
2020-07-20 12:50:00,0.020699680814082244
2020-07-20 13:00:00,0.020699680814082244
2020-07-20 13:10:00,0.02060487311569692
2020-07-20 13:20:00,0.021552950099548163
2020-07-20 13:30:00,0.021663559080997485
2020-07-20 13:40:00,0.02152134753341972
2020-07-20 13:50:00,0.022564232215655844
2020-07-20 14:00:00,0.023022469424517134
2020-07-20 14:10:00,0.022681161710330855
2020-07-20 14:20:00,0.02272224504629783
2020-07-20 14:30:00,0.023132446354644065
2020-07-20 14:40:00,0.02325948867048
2020-07-20 14:50:00,0.023607116897891967
2020-07-20 15:00:00,0.02325948867048
2020-07-20 15:10:00,0.023417501501121762
2020-07-20 15:20:00,0.024713206712384972
2020-07-20 15:30:00,0.02553487343172267
2020-07-20 15:40:00,0.026735770944600556
2020-07-20 15:50:00,0.026972790190563423
2020-07-20 16:00:00,0.024934424675283617
2020-07-21 09:40:00,0.030780899409031948
2020-07-21 09:50:00,0.03213980975255204
2020-07-21 10:00:00,0.03251904054609245
2020-07-21 10:10:00,0.03155516227917721
2020-07-21 10:20:00,0.03226622001706536
2020-07-21 10:30:00,0.02956420061308984
2020-07-21 10:40:00,0.030306860917106437
2020-07-21 10:50:00,0.030717694276775287
2020-07-21 11:00:00,0.031539360996112986
2020-07-21 11:10:00,0.030654489144518404
2020-07-21 11:20:00,0.03176057895901141
2020-07-21 11:30:00,0.031634168694497866
2020-07-21 11:40:00,0.031210694308377862
2020-07-21 11:50:00,0.03002243782195113
2020-07-21 12:00:00,0.030312549379009512
2020-07-21 12:10:00,0.029263976234870315
2020-07-21 12:20:00,0.029390386499383858
2020-07-21 12:30:00,0.03040166861549154
2020-07-21 12:40:00,0.029769617292924266
2020-07-21 12:50:00,0.029896027557437588
2020-07-21 13:00:00,0.031160446228233774
2020-07-21 13:10:00,0.031033719938059035
2020-07-21 13:20:00,0.030622886578390185
2020-07-21 13:30:00,0.03122333533482924
2020-07-21 13:40:00,0.031634168694497866
2020-07-21 13:50:00,0.032045002054166716
2020-07-21 14:00:00,0.03180798280820407
2020-07-21 14:10:00,0.032850867490440194
2020-07-21 14:20:00,0.031381348165471
2020-07-21 14:30:00,0.03217141231868026
2020-07-21 14:40:00,0.031381348165471
2020-07-21 14:50:00,0.03169737382675475
2020-07-21 15:00:00,0.031570963562241205
2020-07-21 15:10:00,0.030291059634042217
2020-07-21 15:20:00,0.0276838479284518
2020-07-21 15:30:00,0.027147552381253437
2020-07-21 15:40:00,0.02584552665676454
2020-07-21 15:50:00,0.027557437663938256
2020-07-21 16:00:00,0.027020194039756085
2020-07-22 09:40:00,0.028110482571184647
2020-07-22 09:50:00,0.028513415289321387
2020-07-22 10:00:00,0.029421989065512077
2020-07-22 10:10:00,0.029485194197768738
2020-07-22 10:20:00,0.029390386499383858
2020-07-22 10:30:00,0.028063078721992207
2020-07-22 10:40:00,0.029358783933255417
2020-07-22 10:50:00,0.02736782226716805
2020-07-22 11:00:00,0.02774705306070846
2020-07-22 11:10:00,0.026988275447966448
2020-07-22 11:20:00,0.02683057864298588
2020-07-22 11:30:00,0.028315899251019072
2020-07-22 11:40:00,0.02884144992573412
2020-07-22 11:50:00,0.02902695698890745
2020-07-22 12:00:00,0.028947950573586567
2020-07-22 12:10:00,0.0287109313276237
2020-07-22 12:20:00,0.03052807888000486
2020-07-22 12:30:00,0.030243655784849777
2020-07-22 12:40:00,0.029817021142116706
2020-07-22 12:50:00,0.030054040388079573
2020-07-22 13:00:00,0.029801219859052486
2020-07-22 13:10:00,0.029390386499383858
2020-07-22 13:20:00,0.030085642954207792
2020-07-22 13:30:00,0.02951679676389718
2020-07-22 13:40:00,0.028831969155895365
2020-07-22 13:50:00,0.0276838479284518
2020-07-22 14:00:00,0.026356540151060148
2020-07-22 14:10:00,0.028031476155863766
2020-07-22 14:20:00,0.028537117213917718
2020-07-22 14:30:00,0.02869513004455948
2020-07-22 14:40:00,0.029580001896154062
2020-07-22 14:50:00,0.02950099548083296
2020-07-22 15:00:00,0.02945359163164052
2020-07-22 15:10:00,0.02997503397275869
2020-07-22 15:20:00,0.030970514805802374
2020-07-22 15:30:00,0.03040166861549154
2020-07-22 15:40:00,0.031081123787251475
2020-07-22 15:50:00,0.03327750213317304
2020-07-22 16:00:00,0.03264545081060577
2020-07-23 09:40:00,0.031981796921910055
2020-07-23 09:50:00,0.03362513036058523
2020-07-23 10:00:00,0.033309104699301706
2020-07-23 10:10:00,0.03259804696141333
2020-07-23 10:20:00,0.02904275827197167
2020-07-23 10:30:00,0.03150775842998432
2020-07-23 10:40:00,0.03191859178965317
2020-07-23 10:50:00,0.03264576683626719
2020-07-23 11:00:00,0.031002117371930593
2020-07-23 11:10:00,0.03161836741143387
2020-07-23 11:20:00,0.032076920645956575
2020-07-23 11:30:00,0.032392630281578905
2020-07-23 11:40:00,0.03353032266220013
2020-07-23 11:50:00,0.0329298739057613
2020-07-23 12:00:00,0.03229782258319358
2020-07-23 12:10:00,0.028947950573586567
2020-07-23 12:20:00,0.029580001896154062
2020-07-23 12:30:00,0.029485194197768738
2020-07-23 12:40:00,0.028063078721992207
2020-07-23 12:50:00,0.028379104383275955
2020-07-23 13:00:00,0.027936668457478664
2020-07-23 13:10:00,0.028916348007458126
2020-07-23 13:20:00,0.027494232531681595
2020-07-23 13:30:00,0.026956988907499202
2020-07-23 13:40:00,0.025187245204310482
2020-07-23 13:50:00,0.021710962930189925
2020-07-23 14:00:00,0.022564232215655844
2020-07-23 14:10:00,0.019846411528616104
2020-07-23 14:20:00,0.018171475523812486
2020-07-23 14:30:00,0.019530385867332356
2020-07-23 14:40:00,0.017318206238346567
2020-07-23 14:50:00,0.020225642322156512
2020-07-23 15:00:00,0.02060487311569692
2020-07-23 15:10:00,0.018898334544765083
2020-07-23 15:20:00,0.019972821793129647
2020-07-23 15:30:00,0.019103751224599508
2020-07-23 15:40:00,0.019720001264102782
2020-07-23 15:50:00,0.01926176405524127
2020-07-23 16:00:00,0.020288847454413395
2020-07-24 09:40:00,0.010650064785260538
2020-07-24 09:50:00,0.01204057769490885
2020-07-24 10:00:00,0.013178270075530074
2020-07-24 10:10:00,0.015042821477103896
2020-07-24 10:20:00,0.015011218910975677
2020-07-24 10:30:00,0.015422052270644304
2020-07-24 10:40:00,0.012735834149732783
2020-07-24 10:50:00,0.014505577852921503
2020-07-24 11:00:00,0.017030938912239613
2020-07-24 11:10:00,0.016395727333059495
2020-07-24 11:20:00,0.015358847138387643
2020-07-24 11:30:00,0.01665455234965063
2020-07-24 11:40:00,0.014916411212590353
2020-07-24 11:50:00,0.01475839838194859
2020-07-24 12:00:00,0.015516859969029406
2020-07-24 12:10:00,0.013273077773915176
2020-07-24 12:20:00,0.012925449546502987
2020-07-24 12:30:00,0.013905129096482671
2020-07-24 12:40:00,0.013494295736813822
2020-07-24 12:50:00,0.012356603356192375
2020-07-24 13:00:00,0.01208798154410129
2020-07-24 13:10:00,0.010523654520746994
2020-07-24 13:20:00,0.00992320576430794
2020-07-24 13:30:00,0.011882564864266865
2020-07-24 13:40:00,0.011345321240084694
2020-07-24 13:50:00,0.0133678854723005
2020-07-24 14:00:00,0.013241475207786957
2020-07-24 14:10:00,0.014568782985178386
2020-07-24 14:20:00,0.014126347059381095
2020-07-24 14:30:00,0.015580065101286289
2020-07-24 14:40:00,0.015042821477103896
2020-07-24 14:50:00,0.013999936794867773
2020-07-24 15:00:00,0.013778718831969128
2020-07-24 15:10:00,0.01482160351420525
2020-07-24 15:20:00,0.012546218752962579
2020-07-24 15:30:00,0.011724552033625102
2020-07-24 15:40:00,0.013589103435198924
2020-07-24 15:50:00,0.013115064943273413
2020-07-24 16:00:00,0.014347881047941158
2020-07-27 09:40:00,0.01513762917548922
2020-07-27 09:50:00,0.017792244730272078
2020-07-27 10:00:00,0.019530385867332356
2020-07-27 10:10:00,0.019356571753626373
2020-07-27 10:20:00,0.019625193565717458
2020-07-27 10:30:00,0.019403975602818813
2020-07-27 10:40:00,0.02049426413424782
2020-07-27 10:50:00,0.020225642322156512
2020-07-27 11:00:00,0.019467180735075695
2020-07-27 11:10:00,0.01924596277217705
2020-07-27 11:20:00,0.018498562083241188
2020-07-27 11:30:00,0.016875770312549276
2020-07-27 11:40:00,0.0161489112915969
2020-07-27 11:50:00,0.017170306228865728
2020-07-27 12:00:00,0.017318206238346567
2020-07-27 12:10:00,0.01782384729640052
2020-07-27 12:20:00,0.01741301393673167
2020-07-27 12:30:00,0.018203078089940927
2020-07-27 12:40:00,0.018711879404607723
2020-07-27 12:50:00,0.018550706317352894
2020-07-27 13:00:00,0.01877192428025154
2020-07-27 13:10:00,0.018645514015737996
2020-07-27 13:20:00,0.019087949941535287
2020-07-27 13:30:00,0.0196567961318459
2020-07-27 13:40:00,0.019972821793129647
2020-07-27 13:50:00,0.01926176405524127
2020-07-27 14:00:00,0.01918275763992039
2020-07-27 14:10:00,0.019561988433460797
2020-07-27 14:20:00,0.018967860190247432
2020-07-27 14:30:00,0.020067629491514527
2020-07-27 14:40:00,0.020320450020541614
2020-07-27 14:50:00,0.019498783301204137
2020-07-27 15:00:00,0.01870871914799488
2020-07-27 15:10:00,0.020352052586670055
2020-07-27 15:20:00,0.020415257718926716
2020-07-27 15:30:00,0.021363334702777736
2020-07-27 15:40:00,0.02099990519230155
2020-07-27 15:50:00,0.022000442435925693
2020-07-27 16:00:00,0.021616155231804823
2020-07-28 09:40:00,0.01940176342319
2020-07-28 09:50:00,0.01785544986252874
2020-07-28 10:00:00,0.017286603672218126
2020-07-28 10:10:00,0.018961539677021744
2020-07-28 10:20:00,0.02016243718989985
2020-07-28 10:30:00,0.02019403975602807
2020-07-28 10:40:00,0.019500995480833172
2020-07-28 10:50:00,0.01924596277217705
2020-07-28 11:00:00,0.02016243718989985
2020-07-28 11:10:00,0.01889517428815224
2020-07-28 11:20:00,0.02019403975602807
2020-07-28 11:30:00,0.0204784628511836
2020-07-28 11:40:00,0.021837373194703247
2020-07-28 11:50:00,0.021710962930189925
2020-07-28 12:00:00,0.020415257718926716
2020-07-28 12:10:00,0.02025724488828473
2020-07-28 12:20:00,0.019561988433460797
2020-07-28 12:30:00,0.019751603830231
2020-07-28 12:40:00,0.020352052586670055
2020-07-28 12:50:00,0.020225642322156512
2020-07-28 13:00:00,0.020826091078595566
2020-07-28 13:10:00,0.020873494927788228
2020-07-28 13:20:00,0.02057959106279439
2020-07-28 13:30:00,0.021236924438264193
2020-07-28 13:40:00,0.022058591157602114
2020-07-28 13:50:00,0.02240621938501408
2020-07-28 14:00:00,0.02240621938501408
2020-07-28 14:10:00,0.022121796289858775
2020-07-28 14:20:00,0.02197958474228101
2020-07-28 14:30:00,0.021173719306007532
2020-07-28 14:40:00,0.02190057832696013
2020-07-28 14:50:00,0.02104730904149399
2020-07-28 15:00:00,0.020762885946338905
2020-07-28 15:10:00,0.019403975602818813
2020-07-28 15:20:00,0.019227001232499985
2020-07-28 15:30:00,0.01750782163511677
2020-07-28 15:40:00,0.016717757481907514
2020-07-28 15:50:00,0.01570647536579961
2020-07-28 16:00:00,0.015042821477103896
2020-07-29 09:40:00,0.01880352684637998
2020-07-29 09:50:00,0.018740321714123098
2020-07-29 10:00:00,0.02013083462377141
2020-07-29 10:10:00,0.021394937268906178
2020-07-29 10:20:00,0.021837373194703247
2020-07-29 10:30:00,0.021552950099548163
2020-07-29 10:40:00,0.02202698859147345
2020-07-29 10:50:00,0.022532629649527625
2020-07-29 11:00:00,0.023196283538223117
2020-07-29 11:10:00,0.022627437347912505
2020-07-29 11:20:00,0.02211421167398786
2020-07-29 11:30:00,0.023394431627848045
2020-07-29 11:40:00,0.023069873273709796
2020-07-29 11:50:00,0.022927661726132254
2020-07-29 12:00:00,0.022848655310811372
2020-07-29 12:10:00,0.0215055462503555
2020-07-29 12:20:00,0.02237461681888564
2020-07-29 12:30:00,0.023101475839838237
2020-07-29 12:40:00,0.023986347691432375
2020-07-29 12:50:00,0.02376512972853395
2020-07-29 13:00:00,0.02379673229466217
2020-07-29 13:10:00,0.023828334860790834
2020-07-29 13:20:00,0.024381379768037004
2020-07-29 13:30:00,0.02455519388174321
2020-07-29 13:40:00,0.024365578484973005
2020-07-29 13:50:00,0.024397181051101224
2020-07-29 14:00:00,0.023891539993047495
2020-07-29 14:10:00,0.024776411844641633
2020-07-29 14:20:00,0.024902822109155176
2020-07-29 14:30:00,0.02506083493979716
2020-07-29 14:40:00,0.027020194039756085
2020-07-29 14:50:00,0.027905065891350223
2020-07-29 15:00:00,0.025629681130107773
2020-07-29 15:10:00,0.02547166829946601
2020-07-29 15:20:00,0.027020194039756085
2020-07-29 15:30:00,0.02771545049458002
2020-07-29 15:40:00,0.028916348007458126
2020-07-29 15:50:00,0.0277786556268369
2020-07-29 16:00:00,0.027399424833296493
2020-07-30 09:40:00,0.01693897544480616
2020-07-30 09:50:00,0.016496539519008868
2020-07-30 10:00:00,0.011282116107828033
2020-07-30 10:10:00,0.014126347059381095
2020-07-30 10:20:00,0.01229655848054878
2020-07-30 10:30:00,0.013747116265840686
2020-07-30 10:40:00,0.016306924122238664
2020-07-30 10:50:00,0.01381032139809757
2020-07-30 11:00:00,0.01573807793192805
2020-07-30 11:10:00,0.0167525203046488
2020-07-30 11:20:00,0.018613911449609555
2020-07-30 11:30:00,0.01788705242865718
2020-07-30 11:40:00,0.019609392282653237
2020-07-30 11:50:00,0.019909616660872986
2020-07-30 12:00:00,0.019988623076193646
2020-07-30 12:10:00,0.019087949941535287
2020-07-30 12:20:00,0.02294283095787364
2020-07-30 12:30:00,0.022001074487248307
2020-07-30 12:40:00,0.02202698859147345
2020-07-30 12:50:00,0.022556331574123734
2020-07-30 13:00:00,0.022564232215655844
2020-07-30 13:10:00,0.023480706633378645
2020-07-30 13:20:00,0.024839616976898515
2020-07-30 13:30:00,0.023069873273709796
2020-07-30 13:40:00,0.021268527004392856
2020-07-30 13:50:00,0.021795341781752686
2020-07-30 14:00:00,0.023022469424517134
2020-07-30 14:10:00,0.023417501501121762
2020-07-30 14:20:00,0.022121796289858775
2020-07-30 14:30:00,0.022153398855986994
2020-07-30 14:40:00,0.023480706633378645
2020-07-30 14:50:00,0.024333975918844564
2020-07-30 15:00:00,0.023607116897891967
2020-07-30 15:10:00,0.0223430142527572
2020-07-30 15:20:00,0.02449198874948655
2020-07-30 15:30:00,0.024713206712384972
2020-07-30 15:40:00,0.02354960022753838
2020-07-30 15:50:00,0.022848655310811372
2020-07-30 16:00:00,0.023954745125304155
2020-07-31 09:40:00,0.02556647599785089
2020-07-31 09:50:00,0.02600891192364818
2020-07-31 10:00:00,0.026119520905097504
2020-07-31 10:10:00,0.02371772587934129
2020-07-31 10:20:00,0.020320450020541614
2020-07-31 10:30:00,0.019972821793129647
2020-07-31 10:40:00,0.02194798217615279
2020-07-31 10:50:00,0.02101570647536577
2020-07-31 11:00:00,0.021726764213254146
2020-07-31 11:10:00,0.021236924438264193
2020-07-31 11:20:00,0.025035552886894408
2020-07-31 11:30:00,0.024365578484973005
2020-07-31 11:40:00,0.023290775210947023
2020-07-31 11:50:00,0.023954745125304155
2020-07-31 12:00:00,0.021584552665676382
2020-07-31 12:10:00,0.019530385867332356
2020-07-31 12:20:00,0.01911955250766373
2020-07-31 12:30:00,0.020415257718926716
2020-07-31 12:40:00,0.016875770312549276
2020-07-31 12:50:00,0.017160193407704805
2020-07-31 13:00:00,0.016686154915779072
2020-07-31 13:10:00,0.017760642164143636
2020-07-31 13:20:00,0.017634231899630093
2020-07-31 13:30:00,0.019909616660872986
2020-07-31 13:40:00,0.01875612299718732
2020-07-31 13:50:00,0.0204784628511836
2020-07-31 14:00:00,0.019487406377397987
2020-07-31 14:10:00,0.017950257560914062
2020-07-31 14:20:00,0.01785544986252874
2020-07-31 14:30:00,0.019467180735075695
2020-07-31 14:40:00,0.020441803874474473
2020-07-31 14:50:00,0.02142653983503462
2020-07-31 15:00:00,0.02363871946402063
2020-07-31 15:10:00,0.024997629807540278
2020-07-31 15:20:00,0.025313655468824026
2020-07-31 15:30:00,0.025821508706507013
2020-07-31 15:40:00,0.026245931169611048
2020-07-31 15:50:00,0.02825269411876241
2020-07-31 16:00:00,0.03169737382675475
2020-08-03 09:40:00,0.0358057074234428
2020-08-03 09:50:00,0.03665897670890872
2020-08-03 10:00:00,0.0376544575419524
2020-08-03 10:10:00,0.03969282305723221
2020-08-03 10:20:00,0.03985083588787419
2020-08-03 10:30:00,0.03849192554435432
2020-08-03 10:40:00,0.03911354802009903
2020-08-03 10:50:00,0.03634295104762497
2020-08-03 11:00:00,0.037291028031476214
2020-08-03 11:10:00,0.03842872041209744
2020-08-03 11:20:00,0.039171380716114035
2020-08-03 11:30:00,0.0392187845653067
2020-08-03 11:40:00,0.040072053850772615
2020-08-03 11:50:00,0.04029327181367126
2020-08-03 12:00:00,0.03991404102013085
2020-08-03 12:10:00,0.039598015358847105
2020-08-03 12:20:00,0.03974022690642487
2020-08-03 12:30:00,0.0393135922636918
2020-08-03 12:40:00,0.039471605094333784
2020-08-03 12:50:00,0.03965395190089449
2020-08-03 13:00:00,0.0394083999620769
2020-08-03 13:10:00,0.03969282305723221
2020-08-03 13:20:00,0.03978763075561731
2020-08-03 13:30:00,0.04019814808962496
2020-08-03 13:40:00,0.04000916474417715
2020-08-03 13:50:00,0.039503207660462
2020-08-03 14:00:00,0.03997724615238751
2020-08-03 14:10:00,0.03944000252820534
2020-08-03 14:20:00,0.04076731030559677
2020-08-03 14:30:00,0.04102013083462386
2020-08-03 14:40:00,0.04155737445880603
2020-08-03 14:50:00,0.041004329551559415
2020-08-03 15:00:00,0.04117814366526562
2020-08-03 15:10:00,0.04073602376512975
2020-08-03 15:20:00,0.0394083999620769
2020-08-03 15:30:00,0.03970862434029643
2020-08-03 15:40:00,0.039822393578358595
2020-08-03 15:50:00,0.0401510602660935
2020-08-03 16:00:00,0.039123976866921595
2020-08-04 09:40:00,0.03713301520083423
2020-08-04 09:50:00,0.03857093195967498
2020-08-04 10:00:00,0.03861833580886764
2020-08-04 10:10:00,0.040514489776569906
2020-08-04 10:20:00,0.04000884871851573
2020-08-04 10:30:00,0.03899756660240805
2020-08-04 10:40:00,0.039534810226590444
2020-08-04 10:50:00,0.040925323136238534
2020-08-04 11:00:00,0.040925323136238534
2020-08-04 11:10:00,0.04057769490882657
2020-08-04 11:20:00,0.04165249818285233
2020-08-04 11:30:00,0.04103593211768808
2020-08-04 11:40:00,0.04073570773946833
2020-08-04 11:50:00,0.04098852826849542
2020-08-04 12:00:00,0.04107543532534841
2020-08-04 12:10:00,0.03974022690642487
2020-08-04 12:20:00,0.0394083999620769
2020-08-04 12:30:00,0.04016686154915772
2020-08-04 12:40:00,0.03978763075561731
2020-08-04 12:50:00,0.03997724615238751
2020-08-04 13:00:00,0.039471605094333784
2020-08-04 13:10:00,0.03934519482982024
2020-08-04 13:20:00,0.040846316720917875
2020-08-04 13:30:00,0.040609297474954786
2020-08-04 13:40:00,0.04062509875801923
2020-08-04 13:50:00,0.040040451284644396
2020-08-04 14:00:00,0.04076731030559677
2020-08-04 14:10:00,0.040546092342698126
2020-08-04 14:20:00,0.04021426539835016
2020-08-04 14:30:00,0.038681540941124526
2020-08-04 14:40:00,0.036437758746010074
2020-08-04 14:50:00,0.038223303732263014
2020-08-04 15:00:00,0.03967354549189395
2020-08-04 15:10:00,0.03974022690642487
2020-08-04 15:20:00,0.03991404102013085
2020-08-04 15:30:00,0.04019846411528616
2020-08-04 15:40:00,0.04035647694592792
2020-08-04 15:50:00,0.040877919287046094
2020-08-04 16:00:00,0.04294788736845434
2020-08-05 09:40:00,0.048015674872799785
2020-08-05 09:50:00,0.04790949025060831
2020-08-05 10:00:00,0.04882596466833111
2020-08-05 10:10:00,0.04917359289574308
2020-08-05 10:20:00,0.04882596466833111
2020-08-05 10:30:00,0.04920519546187152
2020-08-05 10:40:00,0.04841513130866226
2020-08-05 10:50:00,0.04914199032961486
2020-08-05 11:00:00,0.04876275953607445
2020-08-05 11:10:00,0.05015327244572254
2020-08-05 11:20:00,0.049853048067503014
2020-08-05 11:30:00,0.0493000031602564
2020-08-05 11:40:00,0.04983724678443879
2020-08-05 11:50:00,0.04869955440381757
2020-08-05 12:00:00,0.048067503081250074
2020-08-05 12:10:00,0.048541541573175806
2020-08-05 12:20:00,0.04866795183768913
2020-08-05 12:30:00,0.047625067155453005
2020-08-05 12:40:00,0.04852510823878897
2020-08-05 12:50:00,0.04844673387479048
2020-08-05 13:00:00,0.048573144139304025
2020-08-05 13:10:00,0.04838352874253382
2020-08-05 13:20:00,0.048727996713333166
2020-08-05 13:30:00,0.04879436210220267
2020-08-05 13:40:00,0.048968176215908654
2020-08-05 13:50:00,0.048494137723983144
2020-08-05 14:00:00,0.04884176595139511
2020-08-05 14:10:00,0.04917359289574308
2020-08-05 14:20:00,0.04911038776348642
2020-08-05 14:30:00,0.04952122112315527
2020-08-05 14:40:00,0.04961602882154037
2020-08-05 14:50:00,0.049047182631229536
2020-08-05 15:00:00,0.04882596466833111
2020-08-05 15:10:00,0.04822551591189206
2020-08-05 15:20:00,0.04868375312075335
2020-08-05 15:30:00,0.04844673387479048
2020-08-05 15:40:00,0.04880763517997644
2020-08-05 15:50:00,0.04692981070062885
2020-08-05 16:00:00,0.04950541984009105
2020-08-06 09:40:00,0.04730904149416926
2020-08-06 09:50:00,0.048573144139304025
2020-08-06 10:00:00,0.050026862181209
2020-08-06 10:10:00,0.04958442625541193
2020-08-06 10:20:00,0.05018487501185098
2020-08-06 10:30:00,0.050690516069904934
2020-08-06 10:40:00,0.04917359289574308
2020-08-06 10:50:00,0.04749897291660088
2020-08-06 11:00:00,0.04841513130866226
2020-08-06 11:10:00,0.048920772366716214
2020-08-06 11:20:00,0.04860474670543247
2020-08-06 11:30:00,0.04790949025060831
2020-08-06 11:40:00,0.04790285371172143
2020-08-06 11:50:00,0.04813544859842622
2020-08-06 12:00:00,0.048099105647378515
2020-08-06 12:10:00,0.048983977498972875
2020-08-06 12:20:00,0.04920519546187152
2020-08-06 12:30:00,0.049426413424769944
2020-08-06 12:40:00,0.04964763138766859
2020-08-06 12:50:00,0.04977404165218213
2020-08-06 13:00:00,0.05053250323926295
2020-08-06 13:10:00,0.050342887842492745
2020-08-06 13:20:00,0.05027999873589728
2020-08-06 13:30:00,0.050722118636033375
2020-08-06 13:40:00,0.050722118636033375
2020-08-06 13:50:00,0.05151218278924241
2020-08-06 14:00:00,0.0517650033182695
2020-08-06 14:10:00,0.053408336756944674
2020-08-06 14:20:00,0.05347154188920156
2020-08-06 14:30:00,0.05434345668868312
2020-08-06 14:40:00,0.05514647789400495
2020-08-06 14:50:00,0.05533640931643635
2020-08-06 15:00:00,0.05550990740448114
2020-08-06 15:10:00,0.0553676958569036
2020-08-06 15:20:00,0.05685301646493701
2020-08-06 15:30:00,0.05593654204721421
2020-08-06 15:40:00,0.056157760010112856
2020-08-06 15:50:00,0.05489365736497809
2020-08-06 16:00:00,0.056473785671396604
2020-08-07 09:40:00,0.05281831684732796
2020-08-07 09:50:00,0.05516227917706917
2020-08-07 10:00:00,0.05533609329077516
2020-08-07 10:10:00,0.05508327276174829
2020-08-07 10:20:00,0.0538191701166133
2020-08-07 10:30:00,0.05460923426982256
2020-08-07 10:40:00,0.05584173434882911
2020-08-07 10:50:00,0.05625256770849796
2020-08-07 11:00:00,0.05671080491735925
2020-08-07 11:10:00,0.05720064469234898
2020-08-07 11:20:00,0.05511487532787651
2020-08-07 11:30:00,0.054767247100464544
2020-08-07 11:40:00,0.05590493948108577
2020-08-07 11:50:00,0.05599974717947087
2020-08-07 12:00:00,0.05410359321176883
2020-08-07 12:10:00,0.05410359321176883
2020-08-07 12:20:00,0.05505167019561985
2020-08-07 12:30:00,0.056568593369781484
2020-08-07 12:40:00,0.05688493505672643
2020-08-07 12:50:00,0.055683721518187346
2020-08-07 13:00:00,0.05520968302626161
2020-08-07 13:10:00,0.053044907246468265
2020-08-07 13:20:00,0.05306070852953271
2020-08-07 13:30:00,0.054419618873052356
2020-08-07 13:40:00,0.0555573112536738
2020-08-07 13:50:00,0.05359795215371488
2020-08-07 14:00:00,0.05239705464083677
2020-08-07 14:10:00,0.05179660588439772
2020-08-07 14:20:00,0.05132256739247221
2020-08-07 14:30:00,0.050722118636033375
2020-08-07 14:40:00,0.05227064437632345
2020-08-07 14:50:00,0.052586670037606975
2020-08-07 15:00:00,0.05331352905855957
2020-08-07 15:10:00,0.05457763170369434
2020-08-07 15:20:00,0.053850772682741965
2020-08-07 15:30:00,0.05328192649243113
2020-08-07 15:40:00,0.05511487532787651
2020-08-07 15:50:00,0.05751983061024535
2020-08-07 16:00:00,0.057421862655247624
2020-08-10 09:40:00,0.05947602945359165
2020-08-10 09:50:00,0.06020320450020544
2020-08-10 10:00:00,0.05900199096166614
2020-08-10 10:10:00,0.05860695888506151
2020-08-10 10:20:00,0.059760452548746956
2020-08-10 10:30:00,0.059697247416490073
2020-08-10 10:40:00,0.0590651960939228
2020-08-10 10:50:00,0.05609455487785597
2020-08-10 11:00:00,0.05296590083114738
2020-08-10 11:10:00,0.054948329804380025
2020-08-10 11:20:00,0.055778529216572226
2020-08-10 11:30:00,0.05666340106816681
2020-08-10 11:40:00,0.05683721518187279
2020-08-10 11:50:00,0.05691622159719367
2020-08-10 12:00:00,0.05852795246974041
2020-08-10 12:10:00,0.0583383370729702
2020-08-10 12:20:00,0.057832696014916474
2020-08-10 12:30:00,0.05682141389880857
2020-08-10 12:40:00,0.05765888190121049
2020-08-10 12:50:00,0.0590651960939228
2020-08-10 13:00:00,0.0591600037923079
2020-08-10 13:10:00,0.05985526024713206
2020-08-10 13:20:00,0.059254811490693005
2020-08-10 13:30:00,0.05939702303827077
2020-08-10 13:40:00,0.05953923458584831
2020-08-10 13:50:00,0.058859779414088376
2020-08-10 14:00:00,0.0589703883955377
2020-08-10 14:10:00,0.059286414056821446
2020-08-10 14:20:00,0.0590651960939228
2020-08-10 14:30:00,0.05953923458584831
2020-08-10 14:40:00,0.05903359352779458
2020-08-10 14:50:00,0.05871756786651061
2020-08-10 15:00:00,0.060218689757608246
2020-08-10 15:10:00,0.060582119268084655
2020-08-10 15:20:00,0.0599816705116456
2020-08-10 15:30:00,0.05963404228423341
2020-08-10 15:40:00,0.059318016622949665
2020-08-10 15:50:00,0.058385740922162865
2020-08-10 16:00:00,0.06020288847454425
2020-08-11 09:40:00,0.06500647852605623
2020-08-11 09:50:00,0.06531618367411429
2020-08-11 10:00:00,0.06307872199222575
2020-08-11 10:10:00,0.060582119268084655
2020-08-11 10:20:00,0.06311032455835397
2020-08-11 10:30:00,0.06341908162942822
2020-08-11 10:40:00,0.06415320924059031
2020-08-11 10:50:00,0.06317352969061085
2020-08-11 11:00:00,0.06409000410833343
2020-08-11 11:10:00,0.0650696836583129
2020-08-11 11:20:00,0.06491167082767135
2020-08-11 11:30:00,0.06538570931959664
2020-08-11 11:40:00,0.0645956451663876
2020-08-11 11:50:00,0.06431122207123208
2020-08-11 12:00:00,0.06383718357930657
2020-08-11 12:10:00,0.06394684448377208
2020-08-11 12:20:00,0.06481686312928603
2020-08-11 12:30:00,0.0652592990550831
2020-08-11 12:40:00,0.06535410675346842
2020-08-11 12:50:00,0.06538570931959664
2020-08-11 13:00:00,0.06497487595992801
2020-08-11 13:10:00,0.06519609392282644
2020-08-11 13:20:00,0.0652434977720191
2020-08-11 13:30:00,0.06649179913408965
2020-08-11 13:40:00,0.06573333754700883
2020-08-11 13:50:00,0.06481686312928603
2020-08-11 14:00:00,0.06576494011313727
2020-08-11 14:10:00,0.06604936320829236
2020-08-11 14:20:00,0.06443763233574562
2020-08-11 14:30:00,0.06273109376481356
2020-08-11 14:40:00,0.06173561293176988
2020-08-11 14:50:00,0.06146699111967879
2020-08-11 15:00:00,0.06282590146319889
2020-08-11 15:10:00,0.060676926966469535
2020-08-11 15:20:00,0.055078532376829026
2020-08-11 15:30:00,0.05780109344878803
2020-08-11 15:40:00,0.05539898239737062
2020-08-11 15:50:00,0.052934298265019164
2020-08-11 16:00:00,0.05144897765698575
2020-08-12 09:40:00,0.06122997187371615
2020-08-12 09:50:00,0.06219385014063139
2020-08-12 10:00:00,0.06314192712448263
2020-08-12 10:10:00,0.06352115791802282
2020-08-12 10:20:00,0.06418481180671876
2020-08-12 10:30:00,0.06554372215023863
2020-08-12 10:40:00,0.06535410675346842
2020-08-12 10:50:00,0.06494327339379957
2020-08-12 11:00:00,0.06582814524539393
2020-08-12 11:10:00,0.06570173498088061
2020-08-12 11:20:00,0.06544891445185352
2020-08-12 11:30:00,0.06555415099706097
2020-08-12 11:40:00,0.06544891445185352
2020-08-12 11:50:00,0.06516449135669822
2020-08-12 12:00:00,0.06573333754700883
2020-08-12 12:10:00,0.06671301709698829
2020-08-12 12:20:00,0.06687102992763005
2020-08-12 12:30:00,0.0670922478905287
2020-08-12 12:40:00,0.06747147868406911
2020-08-12 12:50:00,0.06652340170021809
2020-08-12 13:00:00,0.06522769648895488
2020-08-12 13:10:00,0.06484846569541447
2020-08-12 13:20:00,0.06434282463736052
2020-08-12 13:30:00,0.06390038871156323
2020-08-12 13:40:00,0.06584394652845815
2020-08-12 13:50:00,0.06664981196473141
2020-08-12 14:00:00,0.06781910691148108
2020-08-12 14:10:00,0.06706064532440026
2020-08-12 14:20:00,0.06743987611794067
2020-08-12 14:30:00,0.06734506841955556
2020-08-12 14:40:00,0.0668078247953734
2020-08-12 14:50:00,0.06759788894858265
2020-08-12 15:00:00,0.06778750434535286
2020-08-12 15:10:00,0.06731346585342735
2020-08-12 15:20:00,0.06905160699048762
2020-08-12 15:30:00,0.06835635053566347
2020-08-12 15:40:00,0.06717125430584958
2020-08-12 15:50:00,0.06715545302278536
2020-08-12 16:00:00,0.0663653888695761
2020-08-13 09:40:00,0.06567013241475195
2020-08-13 09:50:00,0.06576494011313727
2020-08-13 10:00:00,0.06785070947760952
2020-08-13 10:10:00,0.06734506841955556
2020-08-13 10:20:00,0.06683942736150161
2020-08-13 10:30:00,0.06712385045665714
2020-08-13 10:40:00,0.06715545302278536
2020-08-13 10:50:00,0.06731346585342735
2020-08-13 11:00:00,0.06766109408083931
2020-08-13 11:10:00,0.06799829346142916
2020-08-13 11:20:00,0.06819802167936029
2020-08-13 11:30:00,0.06767689536390353
2020-08-13 11:40:00,0.06693423505988694
2020-08-13 11:50:00,0.06699807224346621
2020-08-13 12:00:00,0.06715545302278536
2020-08-13 12:10:00,0.06800872230825128
2020-08-13 12:20:00,0.06789811332680218
2020-08-13 12:30:00,0.06766109408083931
2020-08-13 12:40:00,0.06797711974212306
2020-08-13 12:50:00,0.06832474796953525
2020-08-13 13:00:00,0.06851436336630545
2020-08-13 13:10:00,0.06762949151471087
2020-08-13 13:20:00,0.06769269664696775
2020-08-13 13:30:00,0.06683942736150161
2020-08-13 13:40:00,0.06592295294377903
2020-08-13 13:50:00,0.06744524855418255
2020-08-13 14:00:00,0.06683942736150161
2020-08-13 14:10:00,0.0661757734728059
2020-08-13 14:20:00,0.06429542078816786
2020-08-13 14:30:00,0.06456404260025916
2020-08-13 14:40:00,0.06318933097367507
2020-08-13 14:50:00,0.06409000410833343
2020-08-13 15:00:00,0.06271529248174934
2020-08-13 15:10:00,0.0626678886325569
2020-08-13 15:20:00,0.06437442720348896
2020-08-13 15:30:00,0.06551211958411018
2020-08-13 15:40:00,0.06469045286477249
2020-08-13 15:50:00,0.06390038871156323
2020-08-13 16:00:00,0.06456404260025916
2020-08-14 09:40:00,0.06323673482286751
2020-08-14 09:50:00,0.06187782447934764
2020-08-14 10:00:00,0.06396359384382011
2020-08-14 10:10:00,0.06431122207123208
2020-08-14 10:20:00,0.06260436747463882
2020-08-14 10:30:00,0.06265208734949268
2020-08-14 10:40:00,0.06418481180671876
2020-08-14 10:50:00,0.06484846569541447
2020-08-14 11:00:00,0.06361596561640814
2020-08-14 11:10:00,0.0645956451663876
2020-08-14 11:20:00,0.06472205543090115
2020-08-14 11:30:00,0.06557532471636707
2020-08-14 11:40:00,0.06544891445185352
2020-08-14 11:50:00,0.06519609392282644
2020-08-14 12:00:00,0.06532250418733998
2020-08-14 12:10:00,0.06567013241475195
2020-08-14 12:20:00,0.06510065417311894
2020-08-14 12:30:00,0.06484846569541447
2020-08-14 12:40:00,0.06570173498088061
2020-08-14 12:50:00,0.06544891445185352
2020-08-14 13:00:00,0.06494327339379957
2020-08-14 13:10:00,0.06478526056315781
2020-08-14 13:20:00,0.06532250418733998
2020-08-14 13:30:00,0.06543848560503118
2020-08-14 13:40:00,0.06551211958411018
2020-08-14 13:50:00,0.06560692728249529
2020-08-14 14:00:00,0.06630218373731944
2020-08-14 14:10:00,0.06559112599943107
2020-08-14 14:20:00,0.0652280125146163
2020-08-14 14:30:00,0.06488006826154269
2020-08-14 14:40:00,0.06469013683911129
2020-08-14 14:50:00,0.0637739784470499
2020-08-14 15:00:00,0.06364756818253636
2020-08-14 15:10:00,0.06329993995512417
2020-08-14 15:20:00,0.06225705527288805
2020-08-14 15:30:00,0.06216224757450317
2020-08-14 15:40:00,0.06156179881806412
2020-08-14 15:50:00,0.061103561609202606
2020-08-14 16:00:00,0.06409000410833343
2020-08-17 09:40:00,0.06804348513099256
2020-08-17 09:50:00,0.06835635053566347
2020-08-17 10:00:00,0.06804032487437972
2020-08-17 10:10:00,0.06804032487437972
2020-08-17 10:20:00,0.06804032487437972
2020-08-17 10:30:00,0.06804032487437972
2020-08-17 10:40:00,0.06804032487437972
2020-08-17 10:50:00,0.06804032487437972
2020-08-17 11:00:00,0.06804032487437972
2020-08-17 11:10:00,0.06804032487437972
2020-08-17 11:20:00,0.06804032487437972
2020-08-17 11:30:00,0.06804032487437972
2020-08-17 11:40:00,0.06804032487437972
2020-08-17 11:50:00,0.06804032487437972
2020-08-17 12:00:00,0.06804032487437972
2020-08-17 12:10:00,0.06804032487437972
2020-08-17 12:20:00,0.06804032487437972
2020-08-17 12:30:00,0.06804032487437972
2020-08-17 12:40:00,0.06804032487437972
2020-08-17 12:50:00,0.06804032487437972
2020-08-17 13:00:00,0.06804032487437972
2020-08-17 13:10:00,0.06804032487437972
2020-08-17 13:20:00,0.06804032487437972
2020-08-17 13:30:00,0.06804032487437972
2020-08-17 13:40:00,0.06804032487437972
2020-08-17 13:50:00,0.06804032487437972
2020-08-17 14:00:00,0.06804032487437972
2020-08-17 14:10:00,0.06804032487437972
2020-08-17 14:20:00,0.06804032487437972
2020-08-17 14:30:00,0.06804032487437972
2020-08-17 14:40:00,0.06804032487437972
2020-08-17 14:50:00,0.06804032487437972
2020-08-17 15:00:00,0.06804032487437972
2020-08-17 15:10:00,0.06804032487437972
2020-08-17 15:20:00,0.06804032487437972
2020-08-17 15:30:00,0.06804032487437972
2020-08-17 15:40:00,0.06804032487437972
2020-08-17 15:50:00,0.06804032487437972
2020-08-17 16:00:00,0.06804032487437972
2020-08-18 09:40:00,0.06968365831305512
2020-08-18 09:50:00,0.06968365831305512
2020-08-18 10:00:00,0.06968365831305512
2020-08-18 10:10:00,0.06734506841955556
2020-08-18 10:20:00,0.06734506841955556
2020-08-18 10:30:00,0.06456404260025916
2020-08-18 10:40:00,0.06399519640994855
2020-08-18 10:50:00,0.06630218373731944
2020-08-18 11:00:00,0.06743956009227947
2020-08-18 11:10:00,0.0681035300066366
2020-08-18 11:20:00,0.06807192744050816
2020-08-18 11:30:00,0.06900736339790803
2020-08-18 11:40:00,0.06922542110419361
2020-08-18 11:50:00,0.06911481212274428
2020-08-18 12:00:00,0.06936763265177137
2020-08-18 12:10:00,0.06965205574692668
2020-08-18 12:20:00,0.06927282495338627
2020-08-18 12:30:00,0.06969945959611912
2020-08-18 12:40:00,0.07028410706949417
2020-08-18 12:50:00,0.07034731220175083
2020-08-18 13:00:00,0.07040482887210442
2020-08-18 13:10:00,0.07082135069367612
2020-08-18 13:20:00,0.07056853016464926
2020-08-18 13:30:00,0.07025250450336573
2020-08-18 13:40:00,0.07104256865657499
2020-08-18 13:50:00,0.07105836993963921
2020-08-18 14:00:00,0.07072654299529124
2020-08-18 14:10:00,0.07063173529690592
2020-08-18 14:20:00,0.07031602566128359
2020-08-18 14:30:00,0.07066333786303458
2020-08-18 14:40:00,0.0705053250323926
2020-08-18 14:50:00,0.07075814556141946
2020-08-18 15:00:00,0.070868754542869
2020-08-18 15:10:00,0.07034699617608964
2020-08-18 15:20:00,0.07094776095818967
2020-08-18 15:30:00,0.0706001327307777
2020-08-18 15:40:00,0.07009449167272375
2020-08-18 15:50:00,0.07025250450336573
2020-08-18 16:00:00,0.06981006857756844
2020-08-19 09:40:00,0.07167461997914226
2020-08-19 09:50:00,0.07047372246626438
2020-08-19 10:00:00,0.07066333786303458
2020-08-19 10:10:00,0.0707897481275479
2020-08-19 10:20:00,0.07110577378883165
2020-08-19 10:30:00,0.07173782511139892
2020-08-19 10:40:00,0.07192744050816913
2020-08-19 10:50:00,0.07211073539171364
2020-08-19 11:00:00,0.07211705590493955
2020-08-19 11:10:00,0.07186423537591247
2020-08-19 11:20:00,0.07163669689978835
2020-08-19 11:30:00,0.07227506873558132
2020-08-19 11:40:00,0.07306513288879057
2020-08-19 11:50:00,0.07281199633410229
2020-08-19 12:00:00,0.07291186044306808
2020-08-19 12:10:00,0.07251208798154418
2020-08-19 12:20:00,0.0723540751509022
2020-08-19 12:30:00,0.07259109439686484
2020-08-19 12:40:00,0.07240147900009464
2020-08-19 12:50:00,0.07172202382833492
2020-08-19 13:00:00,0.07188003665897669
2020-08-19 13:10:00,0.0718961539677021
2020-08-19 13:20:00,0.07224409822077549
2020-08-19 13:30:00,0.07189583794204091
2020-08-19 13:40:00,0.07233827386783798
2020-08-19 13:50:00,0.0726827418386371
2020-08-19 14:00:00,0.07249628669847996
2020-08-19 14:10:00,0.07176974370318878
2020-08-19 14:20:00,0.06873558132920388
2020-08-19 14:30:00,0.06870397876307566
2020-08-19 14:40:00,0.06889359415984586
2020-08-19 14:50:00,0.06943083778402803
2020-08-19 15:00:00,0.07015801283064182
2020-08-19 15:10:00,0.07037891476787905
2020-08-19 15:20:00,0.06905160699048762
2020-08-19 15:30:00,0.06781910691148108
2020-08-19 15:40:00,0.06715545302278536
2020-08-19 15:50:00,0.0641216066744621
2020-08-19 16:00:00,0.06604936320829236
2020-08-20 09:40:00,0.06220965142369561
2020-08-20 09:50:00,0.06326833738899595
2020-08-20 10:00:00,0.06418481180671876
2020-08-20 10:10:00,0.06440602976961718
2020-08-20 10:20:00,0.06567013241475195
2020-08-20 10:30:00,0.06548051701798174
2020-08-20 10:40:00,0.06491167082767135
2020-08-20 10:50:00,0.06589135037765059
2020-08-20 11:00:00,0.06548051701798174
2020-08-20 11:10:00,0.06437442720348896
2020-08-20 11:20:00,0.06465885029864427
2020-08-20 11:30:00,0.06570173498088061
2020-08-20 11:40:00,0.06696583762601516
2020-08-20 11:50:00,0.06668141453085985
2020-08-20 12:00:00,0.0672818632872989
2020-08-20 12:10:00,0.06706064532440026
2020-08-20 12:20:00,0.06681509338558289
2020-08-20 12:30:00,0.06685522864456583
2020-08-20 12:40:00,0.06679202351230917
2020-08-20 12:50:00,0.06631798502038366
2020-08-20 13:00:00,0.06601776064216414
2020-08-20 13:10:00,0.06568593369781617
2020-08-20 13:20:00,0.06614385488101626
2020-08-20 13:30:00,0.06652340170021809
2020-08-20 13:40:00,0.06702904275827182
2020-08-20 13:50:00,0.06677622222924495
2020-08-20 14:00:00,0.06683942736150161
2020-08-20 14:10:00,0.06710804917359292
2020-08-20 14:20:00,0.06731346585342735
2020-08-20 14:30:00,0.06829314540340681
2020-08-20 14:40:00,0.06826154283727837
2020-08-20 14:50:00,0.06841987169358155
2020-08-20 15:00:00,0.06883038902758898
2020-08-20 15:10:00,0.0699680814082102
2020-08-20 15:20:00,0.06830894668647103
2020-08-20 15:30:00,0.06825522232405268
2020-08-20 15:40:00,0.06889359415984586
2020-08-20 15:50:00,0.06981006857756844
2020-08-20 16:00:00,0.06902000442435918
2020-08-21 09:40:00,0.06753468381632599
2020-08-21 09:50:00,0.07006288910659553
2020-08-21 10:00:00,0.07012609423885219
2020-08-21 10:10:00,0.07000505641058052
2020-08-21 10:20:00,0.06889359415984586
2020-08-21 10:30:00,0.06973106216224756
2020-08-21 10:40:00,0.0704105173340075
2020-08-21 10:50:00,0.07009449167272375
2020-08-21 11:00:00,0.07009449167272375
2020-08-21 11:10:00,0.06950668394273607
2020-08-21 11:20:00,0.06886199159371742
2020-08-21 11:30:00,0.06990487627595354
2020-08-21 11:40:00,0.06917801725500117
2020-08-21 11:50:00,0.06892519672597408
2020-08-21 12:00:00,0.06804032487437972
2020-08-21 12:10:00,0.06965205574692668
2020-08-21 12:20:00,0.07042631861707171
2020-08-21 12:30:00,0.07026830578642995
2020-08-21 12:40:00,0.0699680814082102
2020-08-21 12:50:00,0.07044211990013594
2020-08-21 13:00:00,0.0699680814082102
2020-08-21 13:10:00,0.07009449167272375
2020-08-21 13:20:00,0.07006288910659553
2020-08-21 13:30:00,0.0699680814082102
2020-08-21 13:40:00,0.070868754542869
2020-08-21 13:50:00,0.07094776095818967
2020-08-21 14:00:00,0.07083715197674056
2020-08-21 14:10:00,0.07116897892108831
2020-08-21 14:20:00,0.07135859431785851
2020-08-21 14:30:00,0.07148500458237206
2020-08-21 14:40:00,0.07208545333881111
2020-08-21 14:50:00,0.07199064564042601
2020-08-21 15:00:00,0.07236987643396642
2020-08-21 15:10:00,0.07328635085168922
2020-08-21 15:20:00,0.07274910722750683
2020-08-21 15:30:00,0.07287551749202037
2020-08-21 15:40:00,0.07267863350504067
2020-08-21 15:50:00,0.07202224820655445
2020-08-21 16:00:00,0.07284391492589193
2020-08-24 09:40:00,0.08093417185475471
2020-08-24 09:50:00,0.08083936415636939
2020-08-24 10:00:00,0.08036532566444388
2020-08-24 10:10:00,0.07960686407736306
2020-08-24 10:20:00,0.08191385140473417
2020-08-24 10:30:00,0.08096577442088293
2020-08-24 10:40:00,0.081392409063616
2020-08-24 10:50:00,0.0799598647410169
2020-08-24 11:00:00,0.07856334734380432
2020-08-24 11:10:00,0.07997029358783925
2020-08-24 11:20:00,0.07992288973864681
2020-08-24 11:30:00,0.079006415320924
2020-08-24 11:40:00,0.08017571026767367
2020-08-24 11:50:00,0.0805862276016811
2020-08-24 12:00:00,0.08009670385235279
2020-08-24 12:10:00,0.08030212053218722
2020-08-24 12:20:00,0.08064974875959918
2020-08-24 12:30:00,0.07989128717251837
2020-08-24 12:40:00,0.08014979616344853
2020-08-24 12:50:00,0.08033372309831566
2020-08-24 13:00:00,0.07983124229687433
2020-08-24 13:10:00,0.08096577442088293
2020-08-24 13:20:00,0.08046013336282898
2020-08-24 13:30:00,0.08008090256928857
2020-08-24 13:40:00,0.08027051796605877
2020-08-24 13:50:00,0.07948045381284952
2020-08-24 14:00:00,0.08011250513541679
2020-08-24 14:10:00,0.08033372309831566
2020-08-24 14:20:00,0.08042853079670076
2020-08-24 14:30:00,0.08008090256928857
2020-08-24 14:40:00,0.07936984483140042
2020-08-24 14:50:00,0.07932244098220775
2020-08-24 15:00:00,0.07925923584995087
2020-08-24 15:10:00,0.07837436399835673
2020-08-24 15:20:00,0.07932244098220775
2020-08-24 15:30:00,0.08050753721202142
2020-08-24 15:40:00,0.08131340264829512
2020-08-24 15:50:00,0.08210346680150438
2020-08-24 16:00:00,0.08384160793856443
2020-08-25 09:40:00,0.08390481307082132
2020-08-25 09:50:00,0.08497930031918588
2020-08-25 10:00:00,0.08504250545144254
2020-08-25 10:10:00,0.08269854312170155
2020-08-25 10:20:00,0.08437885156274683
2020-08-25 10:30:00,0.0832411591821256
2020-08-25 10:40:00,0.08366779382485845
2020-08-25 10:50:00,0.08229845463451624
2020-08-25 11:00:00,0.08312328161046678
2020-08-25 11:10:00,0.08412603103371996
2020-08-25 11:20:00,0.08488449262080078
2020-08-25 11:30:00,0.08444205669500349
2020-08-25 11:40:00,0.0831463514837405
2020-08-25 11:50:00,0.08267231299181477
2020-08-25 12:00:00,0.08298833865309851
2020-08-25 12:10:00,0.08339917201276736
2020-08-25 12:20:00,0.08309894763454806
2020-08-25 12:30:00,0.08355718484340935
2020-08-25 12:40:00,0.08425244129823328
2020-08-25 12:50:00,0.08422083873210506
2020-08-25 13:00:00,0.08412603103371996
2020-08-25 13:10:00,0.08422083873210506
2020-08-25 13:20:00,0.08472647979015901
2020-08-25 13:30:00,0.08485320608033375
2020-08-25 13:40:00,0.08497930031918588
2020-08-25 13:50:00,0.08478968492241568
2020-08-25 14:00:00,0.08463167209177369
2020-08-25 14:10:00,0.08485289005467234
2020-08-25 14:20:00,0.08548494137723983
2020-08-25 14:30:00,0.0858325696046518
2020-08-25 14:40:00,0.0857377619062667
2020-08-25 14:50:00,0.08600638371835778
2020-08-25 15:00:00,0.08613342603419394
2020-08-25 15:10:00,0.08625920424738487
2020-08-25 15:20:00,0.08687545428688814
2020-08-25 15:30:00,0.08727048636349277
2020-08-25 15:40:00,0.08741269791107031
2020-08-25 15:50:00,0.0870334671175299
2020-08-25 16:00:00,0.08760231330784052
2020-08-26 09:40:00,0.08866099927314108
2020-08-26 09:50:00,0.0892453307208545
2020-08-26 10:00:00,0.0893404544449008
2020-08-26 10:10:00,0.08965648010618454
2020-08-26 10:20:00,0.08959327497392788
2020-08-26 10:30:00,0.08997250576746829
2020-08-26 10:40:00,0.09066776222229245
2020-08-26 10:50:00,0.0912682109787315
2020-08-26 11:00:00,0.09104699301583286
2020-08-26 11:10:00,0.0914578263755017
2020-08-26 11:20:00,0.09066776222229245
2020-08-26 11:30:00,0.09177385203678545
2020-08-26 11:40:00,0.09178965331984967
2020-08-26 11:50:00,0.09300635211579178
2020-08-26 12:00:00,0.09343298675852485
2020-08-26 12:10:00,0.09493379262396107
2020-08-26 12:20:00,0.09591378819960172
2020-08-26 12:30:00,0.09622981386088547
2020-08-26 12:40:00,0.09542394842461199
2020-08-26 12:50:00,0.09521126315456807
2020-08-26 13:00:00,0.09537654457541955
2020-08-26 13:10:00,0.09604019846411527
2020-08-26 13:20:00,0.09622981386088547
2020-08-26 13:30:00,0.09560724330815651
2020-08-26 13:40:00,0.096514236956041
2020-08-26 13:50:00,0.09645103182378412
2020-08-26 14:00:00,0.09660904465442588
2020-08-26 14:10:00,0.09777833960117555
2020-08-26 14:20:00,0.09831558322535794
2020-08-26 14:30:00,0.09907404481243876
2020-08-26 14:40:00,0.09711468571247983
2020-08-26 14:50:00,0.096514236956041
2020-08-26 15:00:00,0.09512372404639247
2020-08-26 15:10:00,0.09705148058022295
2020-08-26 15:20:00,0.0974623139398918
2020-08-26 15:30:00,0.09888442941566855
2020-08-26 15:40:00,0.097651929336662
2020-08-26 15:50:00,0.09863160888664146
2020-08-26 16:00:00,0.09844199348987126
2020-08-27 09:40:00,0.09822077552697284
2020-08-27 09:50:00,0.10078058338337059
2020-08-27 10:00:00,0.10375122459943742
2020-08-27 10:10:00,0.09935846790759406
2020-08-27 10:20:00,0.10150744240432319
2020-08-27 10:30:00,0.10330878867364035
2020-08-27 10:40:00,0.10400404512846428
2020-08-27 10:50:00,0.10251019182757637
2020-08-27 11:00:00,0.10462535157854824
2020-08-27 11:10:00,0.10441487848813336
2020-08-27 11:20:00,0.10266093606800886
2020-08-27 11:30:00,0.10283475018171484
2020-08-27 11:40:00,0.10447808362039002
2020-08-27 11:50:00,0.10511013494295729
2020-08-27 12:00:00,0.10463609645103178
2020-08-27 12:10:00,0.10368801946718076
2020-08-27 12:20:00,0.10131782700755299
2020-08-27 12:30:00,0.10049616028821551
2020-08-27 12:40:00,0.0993900704737225
2020-08-27 12:50:00,0.09806276269633085
2020-08-27 13:00:00,0.09626141642701391
2020-08-27 13:10:00,0.09822077552697284
2020-08-27 13:20:00,0.09946907688904338
2020-08-27 13:30:00,0.10059096798660039
2020-08-27 13:40:00,0.1002120532187214
2020-08-27 13:50:00,0.10005372436241822
2020-08-27 14:00:00,0.10185507063173538
2020-08-27 14:10:00,0.10251872452043109
2020-08-27 14:20:00,0.10311917327687015
2020-08-27 14:30:00,0.1041345637265747
2020-08-27 14:40:00,0.10397244256233606
2020-08-27 14:50:00,0.10327718610751191
2020-08-27 15:00:00,0.10340359637202523
2020-08-27 15:10:00,0.10349840407041055
2020-08-27 15:20:00,0.1043839079733273
2020-08-27 15:30:00,0.10435167335587647
2020-08-27 15:40:00,0.10359321176879543
2020-08-27 15:50:00,0.10258192965268775
2020-08-27 16:00:00,0.10071737825111393
2020-08-28 09:40:00,0.10226590399140423
2020-08-28 09:50:00,0.10302436557848482
2020-08-28 10:00:00,0.10371962203330898
2020-08-28 10:10:00,0.10267673735107286
2020-08-28 10:20:00,0.10258192965268775
2020-08-28 10:30:00,0.10248712195430265
2020-08-28 10:40:00,0.10172866036722183
2020-08-28 10:50:00,0.10213949372689068
2020-08-28 11:00:00,0.10122301930916788
2020-08-28 11:10:00,0.1021710962930189
2020-08-28 11:20:00,0.10302436557848482
2020-08-28 11:30:00,0.10349840407041055
2020-08-28 11:40:00,0.10330878867364035
2020-08-28 11:50:00,0.10365641690105232
2020-08-28 12:00:00,0.10378282716556586
2020-08-28 12:10:00,0.10438327592200469
2020-08-28 12:20:00,0.10403564769459295
2020-08-28 12:30:00,0.10364883228518162
2020-08-28 12:40:00,0.10357741048573144
2020-08-28 12:50:00,0.10466769901716022
2020-08-28 13:00:00,0.10506273109376485
2020-08-28 13:10:00,0.10421957462945985
2020-08-28 13:20:00,0.10381442973169408
2020-08-28 13:30:00,0.10231330784059667
2020-08-28 13:40:00,0.10296116044622816
2020-08-28 13:50:00,0.10283475018171484
2020-08-28 14:00:00,0.10375122459943742
2020-08-28 14:10:00,0.10400404512846428
2020-08-28 14:20:00,0.10434440476566698
2020-08-28 14:30:00,0.1045134784944537
2020-08-28 14:40:00,0.10422873937363697
2020-08-28 14:50:00,0.10559997471794724
2020-08-28 15:00:00,0.10536295547198415
2020-08-28 15:10:00,0.10657965426792648
2020-08-28 15:20:00,0.10765572164459747
2020-08-28 15:30:00,0.10725910943968642
2020-08-28 15:40:00,0.10789116076225391
2020-08-28 15:50:00,0.10773314793161193
2020-08-28 16:00:00,0.10789116076225391
2020-08-31 09:40:00,0.10675346838163247
2020-08-31 09:50:00,0.10718010302436554
2020-08-31 10:00:00,0.10615301962519341
2020-08-31 10:10:00,0.10667446196631158
2020-08-31 10:20:00,0.10732231457194308
2020-08-31 10:30:00,0.1065954555509907
2020-08-31 10:40:00,0.10763834023322705
2020-08-31 10:50:00,0.10782858768131987
2020-08-31 11:00:00,0.10811237872515234
2020-08-31 11:10:00,0.10782795562999725
2020-08-31 11:20:00,0.10700628891065955
2020-08-31 11:30:00,0.10450968618651824
2020-08-31 11:40:00,0.10574218626552478
2020-08-31 11:50:00,0.10681667351388935
2020-08-31 12:00:00,0.10656385298486226
2020-08-31 12:10:00,0.10744904086211782
2020-08-31 12:20:00,0.10789463704452795
2020-08-31 12:30:00,0.10737983124229689
2020-08-31 12:40:00,0.10681667351388935
2020-08-31 12:50:00,0.10694308377840267
2020-08-31 13:00:00,0.10770154536548371
2020-08-31 13:10:00,0.1076354960022754
2020-08-31 13:20:00,0.10811237872515234
2020-08-31 13:30:00,0.10793856461144635
2020-08-31 13:40:00,0.10789684922415699
2020-08-31 13:50:00,0.1086116992699806
2020-08-31 14:00:00,0.10804917359289568
2020-08-31 14:10:00,0.10773314793161193
2020-08-31 14:20:00,0.1076067376670986
2020-08-31 14:30:00,0.10727491072275064
2020-08-31 14:40:00,0.10740132098726418
2020-08-31 14:50:00,0.10836519925417942
2020-08-31 15:00:00,0.10858641721707807
2020-08-31 15:10:00,0.10850741080175696
2020-08-31 15:20:00,0.1065954555509907
2020-08-31 15:30:00,0.10754353253484172
2020-08-31 15:40:00,0.10823878898966588
2020-08-31 15:50:00,0.1097241095976993
2020-08-31 16:00:00,0.1054893657364977
2020-09-01 09:40:00,0.10583699396390989
2020-09-01 09:50:00,0.10694308377840267
2020-09-01 10:00:00,0.10808077615902412
2020-09-01 10:10:00,0.10749612868564928
2020-09-01 10:20:00,0.10809657744208834
2020-09-01 10:30:00,0.11049837246784433
2020-09-01 10:40:00,0.1099137249944695
2020-09-01 10:50:00,0.10940808393641555
2020-09-01 11:00:00,0.10823878898966588
2020-09-01 11:10:00,0.10874443004771983
2020-09-01 11:20:00,0.10918686597351712
2020-09-01 11:30:00,0.10858641721707807
2020-09-01 11:40:00,0.10880763517997671
2020-09-01 11:50:00,0.10899725057674692
2020-09-01 12:00:00,0.10849192554435416
2020-09-01 12:10:00,0.10937648137028733
2020-09-01 12:20:00,0.10966090446544263
2020-09-01 12:30:00,0.10910785955819602
2020-09-01 12:40:00,0.1090920582751318
2020-09-01 12:50:00,0.10899725057674692
2020-09-01 13:00:00,0.10988528268495412
2020-09-01 13:10:00,0.10925038713143498
2020-09-01 13:20:00,0.10920266725658134
2020-09-01 13:30:00,0.10925007110577378
2020-09-01 13:40:00,0.10986632114527706
2020-09-01 13:50:00,0.11070378914767876
2020-09-01 14:00:00,0.11030875707107413
2020-09-01 14:10:00,0.11062478273235787
2020-09-01 14:20:00,0.11117751161394307
2020-09-01 14:30:00,0.1115570584331449
2020-09-01 14:40:00,0.11171507126378644
2020-09-01 14:50:00,0.11158866099927311
2020-09-01 15:00:00,0.11187308409442842
2020-09-01 15:10:00,0.11187308409442842
2020-09-01 15:20:00,0.11124103277186093
2020-09-01 15:30:00,0.11089340454444896
2020-09-01 15:40:00,0.1111146225073476
2020-09-01 15:50:00,0.11133584047024625
2020-09-01 16:00:00,0.11436968681856974
2020-09-02 09:40:00,0.11929968713459527
2020-09-02 09:50:00,0.11926808456846705
2020-09-02 10:00:00,0.11806718705558894
2020-09-02 10:10:00,0.11778276396043363
2020-09-02 10:20:00,0.12034257181683139
2020-09-02 10:30:00,0.12179628985873658
2020-09-02 10:40:00,0.1209904244224631
2020-09-02 10:50:00,0.12113263597004065
2020-09-02 11:00:00,0.12166987959422304
2020-09-02 11:10:00,0.12040577694908805
2020-09-02 11:20:00,0.12040577694908805
2020-09-02 11:30:00,0.12008975128780452
2020-09-02 11:40:00,0.11797237935720384
2020-09-02 11:50:00,0.11983693075877766
2020-09-02 12:00:00,0.12116423853616909
2020-09-02 12:10:00,0.12148026419745284
2020-09-02 12:20:00,0.12306039250387135
2020-09-02 12:30:00,0.12331321303289822
2020-09-02 12:40:00,0.1236766425433744
2020-09-02 12:50:00,0.12374932844546982
2020-09-02 13:00:00,0.1236608412603104
2020-09-02 13:10:00,0.1236608412603104
2020-09-02 13:20:00,0.1257782131909111
2020-09-02 13:30:00,0.12650507221186347
2020-09-02 13:40:00,0.12707391840217408
2020-09-02 13:50:00,0.1266317985020382
2020-09-02 14:00:00,0.12647346964573525
2020-09-02 14:10:00,0.1259678285876813
2020-09-02 14:20:00,0.12622064911670816
2020-09-02 14:30:00,0.1267262901747621
2020-09-02 14:40:00,0.12658407862718457
2020-09-02 14:50:00,0.12748475176184293
2020-09-02 15:00:00,0.1274531491957147
2020-09-02 15:10:00,0.12805359795215376
2020-09-02 15:20:00,0.13055020067629486
2020-09-02 15:30:00,0.130297380147268
2020-09-02 15:40:00,0.13152988022627432
2020-09-02 15:50:00,0.13347343804316925
2020-09-02 16:00:00,0.13036058527952465
