TimeStamp,CIDR
2020-07-06 09:30:00,0.0
2020-07-06 09:40:00,-0.15497259454670953
2020-07-06 09:50:00,-0.050576893760290176
2020-07-06 10:00:00,0.2682616685067529
2020-07-06 10:10:00,-0.056900804468806854
2020-07-06 10:20:00,-0.06480625528126893
2020-07-06 10:30:00,-0.19612811550748788
2020-07-06 10:40:00,-0.0663874204419379
2020-07-06 10:50:00,0.10739104001142863
2020-07-06 11:00:00,0.15473280106235165
2020-07-06 11:10:00,0.13579878604783602
2020-07-06 11:20:00,0.21466687537659013
2020-07-06 11:30:00,0.22097363622632926
2020-07-06 11:40:00,0.18628152833279898
2020-07-06 11:50:00,0.20993654370062842
2020-07-06 12:00:00,0.006320313489638352
2020-07-06 12:10:00,-0.03157594824010346
2020-07-06 12:20:00,-0.0663874204419379
2020-07-06 12:30:00,-0.05373879912475843
2020-07-06 12:40:00,-0.03476886641111676
2020-07-06 12:50:00,0.028438265457442213
2020-07-06 13:00:00,0.0189597422043164
2020-07-06 13:10:00,-0.023072534778378895
2020-07-06 13:20:00,-0.12016191681105681
2020-07-06 13:30:00,0.04107489907507755
2020-07-06 13:40:00,0.0189597422043164
2020-07-06 13:50:00,0.022119349781313247
2020-07-06 14:00:00,0.06002685592134682
2020-07-06 14:10:00,-0.08220044724627229
2020-07-06 14:20:00,-0.215128685581778
2020-07-06 14:30:00,-0.14547757151408547
2020-07-06 14:40:00,-0.06954982576763413
2020-07-06 14:50:00,-0.16446851921951833
2020-07-06 15:00:00,-0.1391480569857606
2020-07-06 15:10:00,-0.1802970644509294
2020-07-06 15:20:00,-0.14547757151408547
2020-07-06 15:30:00,-0.06954982576763413
2020-07-06 15:40:00,-0.02844635510754756
2020-07-06 15:50:00,0.1831271034631321
2020-07-06 16:00:00,0.224126867500285
2020-07-07 09:30:00,0.0
2020-07-07 09:40:00,-0.104677175661827
2020-07-07 09:50:00,0.18845967553442478
2020-07-07 10:00:00,0.16788891600523215
2020-07-07 10:10:00,0.3354964374936209
2020-07-07 10:20:00,0.45391719233052186
2020-07-07 10:30:00,0.4334009726087551
2020-07-07 10:40:00,0.29915262462765213
2020-07-07 10:50:00,0.28966945724260285
2020-07-07 11:00:00,0.4460268367081355
2020-07-07 11:10:00,0.474429203763016
2020-07-07 11:20:00,0.6163201607381374
2020-07-07 11:30:00,0.5877059276722107
2020-07-07 11:40:00,0.4428705201292793
2020-07-07 11:50:00,0.526163894287901
2020-07-07 12:00:00,0.427087442712093
2020-07-07 12:10:00,0.34465931394809246
2020-07-07 12:20:00,0.31179544905137746
2020-07-07 12:30:00,0.2912500475931168
2020-07-07 12:40:00,0.2359145152367681
2020-07-07 12:50:00,0.2675385687552101
2020-07-07 13:00:00,0.2975721591805147
2020-07-07 13:10:00,0.161558600120415
2020-07-07 13:20:00,0.20902620437235342
2020-07-07 13:30:00,0.259633492901834
2020-07-07 13:40:00,0.2501465769330302
2020-07-07 13:50:00,0.2754430197556168
2020-07-07 14:00:00,0.24698407159604585
2020-07-07 14:10:00,0.1876685707170367
2020-07-07 14:20:00,0.1457310569969117
2020-07-07 14:30:00,0.0823958214893672
2020-07-07 14:40:00,-0.07611798654858504
2020-07-07 14:50:00,-0.047566951379707234
2020-07-07 15:00:00,0.031698735485896634
2020-07-07 15:10:00,-0.1670915206690715
2020-07-07 15:20:00,-0.13959393129772124
2020-07-07 15:30:00,-0.12372116734002958
2020-07-07 15:40:00,-0.2110525637619709
2020-07-07 15:50:00,-0.42891930600381656
2020-07-07 16:00:00,-0.5978140419026445
2020-07-08 09:30:00,0.0
2020-07-08 09:40:00,0.26348803358553496
2020-07-08 09:50:00,0.39655525215609444
2020-07-08 10:00:00,0.47147019302409277
2020-07-08 10:10:00,0.4218813254837528
2020-07-08 10:20:00,0.363305044035922
2020-07-08 10:30:00,0.1968879645237287
2020-07-08 10:40:00,0.3205385248163495
2020-07-08 10:50:00,0.24814223630640342
2020-07-08 11:00:00,0.25397645322930984
2020-07-08 11:10:00,-0.14632907560754305
2020-07-08 11:20:00,-0.36718207829302685
2020-07-08 11:30:00,-0.3598443497634385
2020-07-08 11:40:00,-0.23231771129816892
2020-07-08 11:50:00,-0.17243632561179112
2020-07-08 12:00:00,-0.11131785574551856
2020-07-08 12:10:00,-0.1367793453801447
2020-07-08 12:20:00,0.02860457374858072
2020-07-08 12:30:00,0.0
2020-07-08 12:40:00,-0.019074262519680474
2020-07-08 12:50:00,-0.07631888944859
2020-07-08 13:00:00,0.10484345927102012
2020-07-08 13:10:00,0.06990785159191049
2020-07-08 13:20:00,-0.08586284733516081
2020-07-08 13:30:00,-0.21001726041802726
2020-07-08 13:40:00,-0.07313777255815168
2020-07-08 13:50:00,-0.1335963046210864
2020-07-08 14:00:00,-0.22913162810924703
2020-07-08 14:10:00,-0.22594564642837156
2020-07-08 14:20:00,-0.1208651546627415
2020-07-08 14:30:00,-0.06489915024205928
2020-07-08 14:40:00,-0.07631888944859
2020-07-08 14:50:00,-0.16539943238766952
2020-07-08 15:00:00,0.025426691806629265
2020-07-08 15:10:00,0.13341806299287384
2020-07-08 15:20:00,0.24922032376659686
2020-07-08 15:30:00,0.30310988317632237
2020-07-08 15:40:00,0.28250848062336686
2020-07-08 15:50:00,0.2856782034314165
2020-07-08 16:00:00,0.46935043189897385
2020-07-09 09:30:00,0.0
2020-07-09 09:40:00,-0.3113076635318457
2020-07-09 09:50:00,-0.3952261883240382
2020-07-09 10:00:00,-0.24960124173283305
2020-07-09 10:10:00,-0.2401113247625375
2020-07-09 10:20:00,-0.6585219770198769
2020-07-09 10:30:00,-0.5537550737755303
2020-07-09 10:40:00,-0.8492889177422747
2020-07-09 10:50:00,-1.2031700196804884
2020-07-09 11:00:00,-1.6031897540135454
2020-07-09 11:10:00,-1.428584373778552
2020-07-09 11:20:00,-1.9565356614654306
2020-07-09 11:30:00,-1.6705503442015157
2020-07-09 11:40:00,-1.5390789683838335
2020-07-09 11:50:00,-1.5935705155291302
2020-07-09 12:00:00,-1.4909908081812695
2020-07-09 12:10:00,-1.1632559143041732
2020-07-09 12:20:00,-1.152082819105793
2020-07-09 12:30:00,-1.2383076156721629
2020-07-09 12:40:00,-1.2558810446927637
2020-07-09 12:50:00,-1.099426464421338
2020-07-09 13:00:00,-1.0914506470952823
2020-07-09 13:10:00,-0.9320677438261704
2020-07-09 13:20:00,-0.881118819020088
2020-07-09 13:30:00,-0.9161434161972792
2020-07-09 13:40:00,-0.922512842950951
2020-07-09 13:50:00,-1.0276669990595622
2020-07-09 14:00:00,-1.126549002619015
2020-07-09 14:10:00,-0.9352529136756438
2020-07-09 14:20:00,-0.7331956802539175
2020-07-09 14:30:00,-0.7411429738072961
2020-07-09 14:40:00,-0.8015630541915009
2020-07-09 14:50:00,-0.7538599573559068
2020-07-09 15:00:00,-0.636289520718325
2020-07-09 15:10:00,-0.6077121950440301
2020-07-09 15:20:00,-0.5966009957373508
2020-07-09 15:30:00,-0.9511802848966688
2020-07-09 15:40:00,-0.9639240086300127
2020-07-09 15:50:00,-0.7284276072697438
2020-07-09 16:00:00,-0.7888400031866638
2020-07-10 09:30:00,0.0
2020-07-10 09:40:00,0.053163144694678977
2020-07-10 09:50:00,0.06676735006792
2020-07-10 10:00:00,-0.14640825047553818
2020-07-10 10:10:00,-0.28984142724866047
2020-07-10 10:20:00,-0.0890925348482341
2020-07-10 10:30:00,0.07630190489091859
2020-07-10 10:40:00,0.1398423823114392
2020-07-10 10:50:00,0.1969943127447138
2020-07-10 11:00:00,0.20651645967859622
2020-07-10 11:10:00,0.21603769998606026
2020-07-10 11:20:00,0.2556997795921667
2020-07-10 11:30:00,0.2874181209888249
2020-07-10 11:40:00,0.3365616766421553
2020-07-10 11:50:00,0.3967692360938635
2020-07-10 12:00:00,0.45694056785405834
2020-07-10 12:10:00,0.5012541823544048
2020-07-10 12:20:00,0.3777602384444023
2020-07-10 12:30:00,0.2543673890837539
2020-07-10 12:40:00,0.2544308366533521
2020-07-10 12:50:00,0.387645368175793
2020-07-10 13:00:00,0.4442759275129049
2020-07-10 13:10:00,0.4664379956411224
2020-07-10 13:20:00,0.41672479544629937
2020-07-10 13:30:00,0.4917600607909023
2020-07-10 13:40:00,0.5075830959984984
2020-07-10 13:50:00,0.6498778598459154
2020-07-10 14:00:00,0.6719944141768686
2020-07-10 14:10:00,0.6625164898352409
2020-07-10 14:20:00,0.6151133887848381
2020-07-10 14:30:00,0.6277564130130919
2020-07-10 14:40:00,0.7414717578843266
2020-07-10 14:50:00,0.7714584219348453
2020-07-10 15:00:00,0.7761923364886236
2020-07-10 15:10:00,0.754098817690263
2020-07-10 15:20:00,0.9181056670433563
2020-07-10 15:30:00,0.9149542244703213
2020-07-10 15:40:00,0.9401629846479409
2020-07-10 15:50:00,1.050376652850904
2020-07-10 16:00:00,1.0188994263641504
2020-07-13 09:30:00,0.0
2020-07-13 09:40:00,0.7184682732503056
2020-07-13 09:50:00,0.7372235482264067
2020-07-13 10:00:00,0.6122157717395105
2020-07-13 10:10:00,0.8465592665984012
2020-07-13 10:20:00,0.9526879500090679
2020-07-13 10:30:00,1.0991358364282888
2020-07-13 10:40:00,1.0181313767537503
2020-07-13 10:50:00,1.1069212698862074
2020-07-13 11:00:00,1.2702755125823195
2020-07-13 11:10:00,1.32311402998182
2020-07-13 11:20:00,1.3572887875960227
2020-07-13 11:30:00,1.4473299331655198
2020-07-13 11:40:00,1.3961095680706137
2020-07-13 11:50:00,1.2702755125823195
2020-07-13 12:00:00,1.2920359304682272
2020-07-13 12:10:00,1.3572887875960227
2020-07-13 12:20:00,1.3044683293156112
2020-07-13 12:30:00,1.3168991827097187
2020-07-13 12:40:00,1.372818908296214
2020-07-13 12:50:00,1.3044683293156112
2020-07-13 13:00:00,1.2702755125823195
2020-07-13 13:10:00,1.3075761875353642
2020-07-13 13:20:00,1.4566399088111304
2020-07-13 13:30:00,1.461294571620364
2020-07-13 13:40:00,1.5186842725200655
2020-07-13 13:50:00,1.3790302813222688
2020-07-13 14:00:00,1.354182474013399
2020-07-13 14:10:00,0.9495378530341547
2020-07-13 14:20:00,1.0399467254963213
2020-07-13 14:30:00,0.7247204224286818
2020-07-13 14:40:00,0.6809471671882505
2020-07-13 14:50:00,0.8340698045658179
2020-07-13 15:00:00,0.8871392487382224
2020-07-13 15:10:00,0.20602836638232702
2020-07-13 15:20:00,0.14473603936275836
2020-07-13 15:30:00,-0.14967586159801982
2020-07-13 15:40:00,-0.6729351671857842
2020-07-13 15:50:00,-0.8442604414919508
2020-07-13 16:00:00,-0.9332114607631503
2020-07-14 09:30:00,0.0
2020-07-14 09:40:00,-0.08897363154476423
2020-07-14 09:50:00,-0.3723095420884448
2020-07-14 10:00:00,-0.2894542154873392
2020-07-14 10:10:00,-0.7252125726793679
2020-07-14 10:20:00,-0.6404661273576195
2020-07-14 10:30:00,-0.149393711928969
2020-07-14 10:40:00,-0.08983197703926749
2020-07-14 10:50:00,0.1903916295122876
2020-07-14 11:00:00,0.04128229207100986
2020-07-14 11:10:00,0.10476025148191681
2020-07-14 11:20:00,0.1903916295122876
2020-07-14 11:30:00,0.14599932767662693
2020-07-14 11:40:00,0.32978213551313473
2020-07-14 11:50:00,0.44779528884948405
2020-07-14 12:00:00,0.3677640312663044
2020-07-14 12:10:00,0.19356175425695454
2020-07-14 12:20:00,0.4447280772308382
2020-07-14 12:30:00,0.3645994242311268
2020-07-14 12:40:00,0.4088948119072455
2020-07-14 12:50:00,0.44368457141805706
2020-07-14 13:00:00,0.1634415108478393
2020-07-14 13:10:00,-0.06354451506949133
2020-07-14 13:20:00,0.08889453884011189
2020-07-14 13:30:00,0.1903916295122876
2020-07-14 13:40:00,0.4784622318644516
2020-07-14 13:50:00,0.5369246714131748
2020-07-14 14:00:00,0.48794494961841295
2020-07-14 14:10:00,0.6016674789330878
2020-07-14 14:20:00,0.7751608902726304
2020-07-14 14:30:00,0.7594011940869727
2020-07-14 14:40:00,0.5953529523625711
2020-07-14 14:50:00,0.5290263387471406
2020-07-14 15:00:00,0.806641326576063
2020-07-14 15:10:00,0.5385042630887682
2020-07-14 15:20:00,0.4152211230373126
2020-07-14 15:30:00,0.7877668592156439
2020-07-14 15:40:00,0.8901314909405933
2020-07-14 15:50:00,1.1683482549385893
2020-07-14 16:00:00,1.3063831620359068
2020-07-15 09:30:00,0.0
2020-07-15 09:40:00,0.7870613432330309
2020-07-15 09:50:00,1.0728645822016603
2020-07-15 10:00:00,0.9238517643638033
2020-07-15 10:10:00,0.8679146610686139
2020-07-15 10:20:00,0.961125791011419
2020-07-15 10:30:00,1.1162848601532716
2020-07-15 10:40:00,1.2058571353113834
2020-07-15 10:50:00,1.238690533986997
2020-07-15 11:00:00,1.0542501187098097
2020-07-15 11:10:00,0.8057256043379368
2020-07-15 11:20:00,0.752834481035336
2020-07-15 11:30:00,0.8772396847764874
2020-07-15 11:40:00,0.5846415802380989
2020-07-15 11:50:00,0.4099199982398716
2020-07-15 12:00:00,0.25678779024511655
2020-07-15 12:10:00,0.2924354045777733
2020-07-15 12:20:00,0.5004389275575782
2020-07-15 12:30:00,0.5253952541158569
2020-07-15 12:40:00,0.32557003463269396
2020-07-15 12:50:00,0.5877588358065289
2020-07-15 13:00:00,0.6750025629081335
2020-07-15 13:10:00,0.8150564287230821
2020-07-15 13:20:00,0.7279348575135458
2020-07-15 13:30:00,0.7434978487518507
2020-07-15 13:40:00,0.8368249670517081
2020-07-15 13:50:00,0.7777279061880193
2020-07-15 14:00:00,0.6843455922365571
2020-07-15 14:10:00,0.9052095396709703
2020-07-15 14:20:00,0.8741314401573774
2020-07-15 14:30:00,0.9238517643638033
2020-07-15 14:40:00,0.9362779837025492
2020-07-15 14:50:00,0.9036558640628911
2020-07-15 15:00:00,0.6313902136919403
2020-07-15 15:10:00,0.5752892304533574
2020-07-15 15:20:00,0.6687733916973748
2020-07-15 15:30:00,0.8150564287230821
2020-07-15 15:40:00,0.9424905143789353
2020-07-15 15:50:00,1.1178352357317678
2020-07-15 16:00:00,0.9362779837025492
2020-07-16 09:30:00,0.0
2020-07-16 09:40:00,0.07190309024123209
2020-07-16 09:50:00,0.037521106062055054
2020-07-16 10:00:00,-0.04069504438390936
2020-07-16 10:10:00,-0.07195482798847408
2020-07-16 10:20:00,-0.01876583372721896
2020-07-16 10:30:00,0.14687732136247078
2020-07-16 10:40:00,0.16561209941015065
2020-07-16 10:50:00,0.19682893177952465
2020-07-16 11:00:00,0.028142149307797126
2020-07-16 11:10:00,-0.05005005109488536
2020-07-16 11:20:00,-0.02502189428792434
2020-07-16 11:30:00,0.06565269958977993
2020-07-16 11:40:00,-0.004691128295419844
2020-07-16 11:50:00,-0.100125164810283
2020-07-16 12:00:00,0.006254495420598971
2020-07-16 12:10:00,0.05627638103815613
2020-07-16 12:20:00,-0.08760403538801143
2020-07-16 12:30:00,-0.06206579172953752
2020-07-16 12:40:00,0.0031272966086959286
2020-07-16 12:50:00,0.05627638103815613
2020-07-16 13:00:00,-0.00625488663228424
2020-07-16 13:10:00,0.13438551909148444
2020-07-16 13:20:00,0.22182658740428352
2020-07-16 13:30:00,0.25923337700106686
2020-07-16 13:40:00,0.14063161528339307
2020-07-16 13:50:00,0.19682893177952465
2020-07-16 14:00:00,0.04374199546681723
2020-07-16 14:10:00,0.19682893177952465
2020-07-16 14:20:00,0.1843433681962381
2020-07-16 14:30:00,0.23115619576561386
2020-07-16 14:40:00,0.1624898801364516
2020-07-16 14:50:00,-0.06256647892275424
2020-07-16 15:00:00,-0.11264786221563128
2020-07-16 15:10:00,-0.0016262328879079746
2020-07-16 15:20:00,0.10783525694693097
2020-07-16 15:30:00,0.31851272462484204
2020-07-16 15:40:00,0.43687269134151663
2020-07-16 15:50:00,0.25611407946666276
2020-07-16 16:00:00,0.306011167759479
2020-07-17 09:30:00,0.0
2020-07-17 09:40:00,0.16819290079723714
2020-07-17 09:50:00,0.133954319807561
2020-07-17 10:00:00,0.16508078689367878
2020-07-17 10:10:00,0.04986443211114633
2020-07-17 10:20:00,0.006234413967032282
2020-07-17 10:30:00,-0.21532564608577331
2020-07-17 10:40:00,-0.15167830143232308
2020-07-17 10:50:00,-0.08264269979108008
2020-07-17 11:00:00,0.07478732703445345
2020-07-17 11:10:00,0.16822402144720527
2020-07-17 11:20:00,0.09036098267003467
2020-07-17 11:30:00,0.11527378798081855
2020-07-17 11:40:00,0.0965897658793402
2020-07-17 11:50:00,0.017143703237731955
2020-07-17 12:00:00,0.18375201769318394
2020-07-17 12:10:00,0.25684745714862345
2020-07-17 12:20:00,0.21175232899066643
2020-07-17 12:30:00,0.20864157043192222
2020-07-17 12:40:00,0.20864157043192222
2020-07-17 12:50:00,0.1930241001130817
2020-07-17 13:00:00,0.133954319807561
2020-07-17 13:10:00,0.20086425064800295
2020-07-17 13:20:00,0.09814690106200175
2020-07-17 13:30:00,0.20742834836458002
2020-07-17 13:40:00,0.1280391956115956
2020-07-17 13:50:00,0.17964464601840646
2020-07-17 14:00:00,0.1401803883585906
2020-07-17 14:10:00,0.30192225876666257
2020-07-17 14:20:00,0.40132584548056016
2020-07-17 14:30:00,0.35474271704707405
2020-07-17 14:40:00,0.32988950619499136
2020-07-17 14:50:00,0.3454234868087269
2020-07-17 15:00:00,0.3733785724867822
2020-07-17 15:10:00,0.37027283774726527
2020-07-17 15:20:00,0.3733785724867822
2020-07-17 15:30:00,0.47271118968739145
2020-07-17 15:40:00,0.47736498602262145
2020-07-17 15:50:00,0.4323692133143986
2020-07-17 16:00:00,0.28327308083051506
2020-07-20 09:30:00,0.0
2020-07-20 09:40:00,-0.043525571960234544
2020-07-20 09:50:00,-0.29572466258986907
2020-07-20 10:00:00,-0.18355764662336682
2020-07-20 10:10:00,-0.006216779088763502
2020-07-20 10:20:00,0.10025434124365518
2020-07-20 10:30:00,0.2762561314919587
2020-07-20 10:40:00,0.3382622594111595
2020-07-20 10:50:00,0.31034721700340384
2020-07-20 11:00:00,0.24060302038035886
2020-07-20 11:10:00,0.2018352157808323
2020-07-20 11:20:00,0.2824553751862524
2020-07-20 11:30:00,0.31189653569052567
2020-07-20 11:40:00,0.3939760955203653
2020-07-20 11:50:00,0.41843206638176866
2020-07-20 12:00:00,0.34507717950420513
2020-07-20 12:10:00,0.3134458303740928
2020-07-20 12:20:00,0.4079074449488296
2020-07-20 12:30:00,0.3134458303740928
2020-07-20 12:40:00,0.38468745088175993
2020-07-20 12:50:00,0.39087997650524287
2020-07-20 13:00:00,0.39087997650524287
2020-07-20 13:10:00,0.3815910442613202
2020-07-20 13:20:00,0.47444156160985074
2020-07-20 13:30:00,0.4852685083441166
2020-07-20 13:40:00,0.47134793293786004
2020-07-20 13:50:00,0.5733871805169599
2020-07-20 14:00:00,0.6181897025668626
2020-07-20 14:10:00,0.5848214558512588
2020-07-20 14:20:00,0.5888385935794105
2020-07-20 14:30:00,0.6289393217071115
2020-07-20 14:40:00,0.6413555469496401
2020-07-20 14:50:00,0.6753224141415437
2020-07-20 15:00:00,0.6413555469496401
2020-07-20 15:10:00,0.6567964623178213
2020-07-20 15:20:00,0.7833221160685078
2020-07-20 15:30:00,0.8634750274439718
2020-07-20 15:40:00,0.9805061464374099
2020-07-20 15:50:00,1.0035882186944178
2020-07-20 16:00:00,0.8049080667821507
2020-07-21 09:30:00,0.0
2020-07-21 09:40:00,0.568803513617766
2020-07-21 09:50:00,0.7005497832675012
2020-07-21 10:00:00,0.7372852272610864
2020-07-21 10:10:00,0.643889521267571
2020-07-21 10:20:00,0.7127964307630741
2020-07-21 10:30:00,0.4506971888704747
2020-07-21 10:40:00,0.5228046474454295
2020-07-21 10:50:00,0.5626715538415539
2020-07-21 11:00:00,0.6423577171853267
2020-07-21 11:10:00,0.5565392180328921
2020-07-21 11:20:00,0.6638008393860417
2020-07-21 11:30:00,0.6515481897352515
2020-07-21 11:40:00,0.6104908713044033
2020-07-21 11:50:00,0.4951951680154387
2020-07-21 12:00:00,0.523356759288518
2020-07-21 12:10:00,0.4215326006135278
2020-07-21 12:20:00,0.4338134639736424
2020-07-21 12:30:00,0.5320061135521748
2020-07-21 12:40:00,0.4706470074699709
2020-07-21 12:50:00,0.4829218410079328
2020-07-21 13:00:00,0.6056180257561827
2020-07-21 13:10:00,0.59332759332138
2020-07-21 13:20:00,0.5534729091020374
2020-07-21 13:30:00,0.6117167070178731
2020-07-21 13:40:00,0.6515481897352515
2020-07-21 13:50:00,0.6913638132991728
2020-07-21 14:00:00,0.6683951959855605
2020-07-21 14:10:00,0.7694176744234227
2020-07-21 14:20:00,0.6270383856909589
2020-07-21 14:30:00,0.703611585750874
2020-07-21 14:40:00,0.6270383856909589
2020-07-21 14:50:00,0.6576747022199569
2020-07-21 15:00:00,0.6454213018860067
2020-07-21 15:10:00,0.5212709874424348
2020-07-21 15:20:00,0.26789441896628574
2020-07-21 15:30:00,0.21569592138686033
2020-07-21 15:40:00,0.08885419821202944
2020-07-21 15:50:00,0.25559316114707187
2020-07-21 16:00:00,0.20329592709407152
2020-07-22 09:30:00,0.0
2020-07-22 09:40:00,0.09687315756776727
2020-07-22 09:50:00,0.13605705732810947
2020-07-22 10:00:00,0.22435660582713624
2020-07-22 10:10:00,0.2304962834959845
2020-07-22 10:20:00,0.22128662562828083
2020-07-22 10:30:00,0.09226227742678006
2020-07-22 10:40:00,0.2182165511787737
2020-07-22 10:50:00,0.024611598339951968
2020-07-22 11:00:00,0.06151764212338762
2020-07-22 11:10:00,-0.012338843109027664
2020-07-22 11:20:00,-0.02769529043904484
2020-07-22 11:30:00,0.11685118180766452
2020-07-22 11:40:00,0.16794602745555665
2020-07-22 11:50:00,0.18597507761768384
2020-07-22 12:00:00,0.17829700388896086
2020-07-22 12:10:00,0.15525924490029652
2020-07-22 12:20:00,0.33174657978864985
2020-07-22 12:30:00,0.30414302795644943
2020-07-22 12:40:00,0.2627234082713592
2020-07-22 12:50:00,0.2857364260699491
2020-07-22 13:00:00,0.2611890187665722
2020-07-22 13:10:00,0.22128662562828083
2020-07-22 13:20:00,0.28880442834049447
2020-07-22 13:30:00,0.23356598097752368
2020-07-22 13:40:00,0.1670245236104151
2020-07-22 13:50:00,0.05536758062092417
2020-07-22 14:00:00,-0.07387115975063807
2020-07-22 14:10:00,0.08918823921622021
2020-07-22 14:20:00,0.13836151453245904
2020-07-22 14:30:00,0.1537232055776272
2020-07-22 14:40:00,0.23970509326387557
2020-07-22 14:50:00,0.23203114401555425
2020-07-22 15:00:00,0.22742649178111307
2020-07-22 15:10:00,0.27806600856532526
2020-07-22 15:20:00,0.3746702988681072
2020-07-22 15:30:00,0.3194792752068132
2020-07-22 15:40:00,0.3853983504344072
2020-07-22 15:50:00,0.5981888168878235
2020-07-22 16:00:00,0.5370005386525101
2020-07-23 09:30:00,0.0
2020-07-23 09:40:00,-0.09488683162457434
2020-07-23 09:50:00,0.06422706014985735
2020-07-23 10:00:00,0.03364789044182359
2020-07-23 10:10:00,-0.035189449648243
2020-07-23 10:20:00,-0.38008873615433814
2020-07-23 10:30:00,-0.14083215749600697
2020-07-23 10:40:00,-0.10101165553777491
2020-07-23 10:50:00,-0.030568215627990725
2020-07-23 11:00:00,-0.1898637838766426
2020-07-23 11:10:00,-0.13010969315709886
2020-07-23 11:20:00,-0.08566967871086462
2020-07-23 11:30:00,-0.055084617483647236
2020-07-23 11:40:00,0.055054291037315295
2020-07-23 11:50:00,-0.0030594606172940075
2020-07-23 12:00:00,-0.064268337815232
2020-07-23 12:10:00,-0.38930235388789924
2020-07-23 12:20:00,-0.32789426451298453
2020-07-23 12:30:00,-0.3371030742808756
2020-07-23 12:40:00,-0.47533708035008004
2020-07-23 12:50:00,-0.4446018944675778
2020-07-23 13:00:00,-0.4876338002155478
2020-07-23 13:10:00,-0.39237374845484396
2020-07-23 13:20:00,-0.5306842313847149
2020-07-23 13:30:00,-0.5829846832837049
2020-07-23 13:40:00,-0.755462242365379
2020-07-23 13:50:00,-1.0951259933523971
2020-07-23 14:00:00,-1.0116470823874124
2020-07-23 14:10:00,-1.2777857552888072
2020-07-23 14:20:00,-1.4421549095092523
2020-07-23 14:30:00,-1.3087781314124136
2020-07-23 14:40:00,-1.5259941294366364
2020-07-23 14:50:00,-1.2406075784501702
2020-07-23 15:00:00,-1.2034432186430521
2020-07-23 15:10:00,-1.3707917143739756
2020-07-23 15:20:00,-1.265391493816015
2020-07-23 15:30:00,-1.3506330813711998
2020-07-23 15:40:00,-1.2901815531292549
2020-07-23 15:50:00,-1.3351292053711994
2020-07-23 16:00:00,-1.2344125592435695
2020-07-24 09:30:00,0.0
2020-07-24 09:40:00,-0.9832676144831964
2020-07-24 09:50:00,-0.8457761860367619
2020-07-24 10:00:00,-0.7334236369232805
2020-07-24 10:10:00,-0.5495628207039971
2020-07-24 10:20:00,-0.552676291134091
2020-07-24 10:30:00,-0.5122087346665971
2020-07-24 10:40:00,-0.7771012964951751
2020-07-24 10:50:00,-0.6025050059614401
2020-07-24 11:00:00,-0.35388901119617344
2020-07-24 11:10:00,-0.4163659729067959
2020-07-24 11:20:00,-0.5184334467756457
2020-07-24 11:30:00,-0.39090422997052343
2020-07-24 11:40:00,-0.562017284088423
2020-07-24 11:50:00,-0.5775875449216983
2020-07-24 12:00:00,-0.5028723929497048
2020-07-24 12:10:00,-0.7240666199335166
2020-07-24 12:20:00,-0.7583799634815591
2020-07-24 12:30:00,-0.6617088715217712
2020-07-24 12:40:00,-0.702236984557647
2020-07-24 12:50:00,-0.8145544804535554
2020-07-24 13:00:00,-0.8410923087222244
2020-07-24 13:10:00,-0.9957762141617366
2020-07-24 13:20:00,-1.055213439254743
2020-07-24 13:30:00,-0.8613906950702521
2020-07-24 13:40:00,-0.9144982703957361
2020-07-24 13:50:00,-0.7147104783994607
2020-07-24 14:00:00,-0.7271855283158324
2020-07-24 14:10:00,-0.596275058602469
2020-07-24 14:20:00,-0.6398928428875017
2020-07-24 14:30:00,-0.49664864936591613
2020-07-24 14:40:00,-0.5495628207039971
2020-07-24 14:50:00,-0.6523585621756034
2020-07-24 15:00:00,-0.6741773108010385
2020-07-24 15:10:00,-0.5713591496657955
2020-07-24 15:20:00,-0.7958261350482054
2020-07-24 15:30:00,-0.8770076426134032
2020-07-24 15:40:00,-0.6928828851167523
2020-07-24 15:50:00,-0.7396621346950738
2020-07-24 16:00:00,-0.618050417051208
2020-07-27 09:30:00,0.0
2020-07-27 09:40:00,0.10590251729531985
2020-07-27 09:50:00,0.36706421280525703
2020-07-27 10:00:00,0.5376941888989961
2020-07-27 10:10:00,0.5206442868946226
2020-07-27 10:20:00,0.5469929103314897
2020-07-27 10:30:00,0.5252945484726546
2020-07-27 10:40:00,0.6321909234006995
2020-07-27 10:50:00,0.6058647418612395
2020-07-27 11:00:00,0.5314945608747124
2020-07-27 11:10:00,0.5097928355023207
2020-07-27 11:20:00,0.4364371509860021
2020-07-27 11:30:00,0.2769783144741744
2020-07-27 11:40:00,0.20547312730165856
2020-07-27 11:50:00,0.3059389090026343
2020-07-27 12:00:00,0.32047819087477336
2020-07-27 12:10:00,0.37016917608925226
2020-07-27 12:20:00,0.32979713162859525
2020-07-27 12:30:00,0.4074212176214509
2020-07-27 12:40:00,0.4573792508105079
2020-07-27 12:50:00,0.44155673595946965
2020-07-27 13:00:00,0.4632732731878697
2020-07-27 13:10:00,0.450864400828177
2020-07-27 13:20:00,0.49428871912837735
2020-07-27 13:30:00,0.550092292005111
2020-07-27 13:40:00,0.5810808264953948
2020-07-27 13:50:00,0.5113431149402103
2020-07-27 14:00:00,0.5035914774029315
2020-07-27 14:10:00,0.540793858784383
2020-07-27 14:20:00,0.4825039828292965
2020-07-27 14:30:00,0.5903755145878264
2020-07-27 14:40:00,0.6151571267585254
2020-07-27 14:50:00,0.5345944229310895
2020-07-27 15:00:00,0.4570690294831259
2020-07-27 15:10:00,0.6182543965155496
2020-07-27 15:20:00,0.6244486482518852
2020-07-27 15:30:00,0.717316411241331
2020-07-27 15:40:00,0.6817272949457553
2020-07-27 15:50:00,0.7796751317903805
2020-07-27 16:00:00,0.7420665892595935
2020-07-28 09:30:00,0.0
2020-07-28 09:40:00,-0.20152090479399476
2020-07-28 09:50:00,-0.3533244029016558
2020-07-28 10:00:00,-0.40922676157348903
2020-07-28 10:10:00,-0.24471475079224092
2020-07-28 10:20:00,-0.12692910702165605
2020-07-28 10:30:00,-0.12383135753637475
2020-07-28 10:40:00,-0.19178703619351367
2020-07-28 10:50:00,-0.2168056103676541
2020-07-28 11:00:00,-0.12692910702165605
2020-07-28 11:10:00,-0.2512280044904003
2020-07-28 11:20:00,-0.12383135753637475
2020-07-28 11:30:00,-0.09595592954552146
2020-07-28 11:40:00,0.037119525296258615
2020-07-28 11:50:00,0.024747881089037804
2020-07-28 12:00:00,-0.10214979761808962
2020-07-28 12:10:00,-0.11763614643260922
2020-07-28 12:20:00,-0.18580458708559178
2020-07-28 12:30:00,-0.167208585172407
2020-07-28 12:40:00,-0.10834404935442521
2020-07-28 12:50:00,-0.12073370400873529
2020-07-28 13:00:00,-0.06189651101307092
2020-07-28 13:10:00,-0.05725294351410781
2020-07-28 13:20:00,-0.08604653853137023
2020-07-28 13:30:00,-0.021659421159281322
2020-07-28 13:40:00,0.058766220394357305
2020-07-28 13:50:00,0.09277299116092763
2020-07-28 14:00:00,0.09277299116092763
2020-07-28 14:10:00,0.06495012986391657
2020-07-28 14:20:00,0.05103579575829187
2020-07-28 14:30:00,-0.027848688970877333
2020-07-28 14:40:00,0.04330477348135631
2020-07-28 14:50:00,-0.040228373923767435
2020-07-28 15:00:00,-0.06808826978410565
2020-07-28 15:10:00,-0.20130389739732024
2020-07-28 15:20:00,-0.21866597741810878
2020-07-28 15:30:00,-0.3874832418332197
2020-07-28 15:40:00,-0.4651603884629374
2020-07-28 15:50:00,-0.5646752617085582
2020-07-28 16:00:00,-0.6300357582851746
2020-07-29 09:30:00,0.0
2020-07-29 09:40:00,0.08068270414405276
2020-07-29 09:50:00,0.0744786528966479
2020-07-29 10:00:00,0.21087894684495012
2020-07-29 10:10:00,0.33471797195954167
2020-07-29 10:20:00,0.3780254246115611
2020-07-29 10:30:00,0.3501870724622158
2020-07-29 10:40:00,0.396580021566173
2020-07-29 10:50:00,0.4460421222407085
2020-07-29 11:00:00,0.5109240240116719
2020-07-29 11:10:00,0.45531354309265026
2020-07-29 11:20:00,0.4051139802336401
2020-07-29 11:30:00,0.5302877481579316
2020-07-29 11:40:00,0.49856881164078715
2020-07-29 11:50:00,0.4846673728194695
2020-07-29 12:00:00,0.47694351613953856
2020-07-29 12:10:00,0.34554659356400563
2020-07-29 12:20:00,0.43058784369298664
2020-07-29 12:30:00,0.501657757846985
2020-07-29 12:40:00,0.5881095354927979
2020-07-29 12:50:00,0.5665035968621446
2020-07-29 13:00:00,0.5695904453444811
2020-07-29 13:10:00,0.572677198543392
2020-07-29 13:20:00,0.6266799617113072
2020-07-29 13:30:00,0.6436462374231233
2020-07-29 13:40:00,0.6251374302628676
2020-07-29 13:50:00,0.6282224693659799
2020-07-29 14:00:00,0.5788504191144739
2020-07-29 14:10:00,0.6652355168876412
2020-07-29 14:20:00,0.6775701556525959
2020-07-29 14:30:00,0.6929863149012228
2020-07-29 14:40:00,0.8839495047285872
2020-07-29 14:50:00,0.970071557295693
2020-07-29 15:00:00,0.7484648184045817
2020-07-29 15:10:00,0.7330572100971544
2020-07-29 15:20:00,0.8839495047285872
2020-07-29 15:30:00,0.9516230746311471
2020-07-29 15:40:00,1.0684060253018934
2020-07-29 15:50:00,0.9577729470231944
2020-07-29 16:00:00,0.9208680382514878
2020-07-30 09:30:00,0.0
2020-07-30 09:40:00,-1.029518607661295
2020-07-30 09:50:00,-1.0730347093053538
2020-07-30 10:00:00,-1.5873349156290573
2020-07-30 10:10:00,-1.306479683425188
2020-07-30 10:20:00,-1.4870726949958168
2020-07-30 10:30:00,-1.343881504083111
2020-07-30 10:40:00,-1.0916902656059158
2020-07-30 10:50:00,-1.3376468957702947
2020-07-30 11:00:00,-1.1476778253888043
2020-07-30 11:10:00,-1.0478552276520503
2020-07-30 11:20:00,-0.8649504066970515
2020-07-30 11:30:00,-0.9363335353780755
2020-07-30 11:40:00,-0.7672691653556996
2020-07-30 11:50:00,-0.7378284610453534
2020-07-30 12:00:00,-0.7300823476538376
2020-07-30 12:10:00,-0.8184236296981062
2020-07-30 12:20:00,-0.4408695172351429
2020-07-30 12:30:00,-0.5329753725298758
2020-07-30 12:40:00,-0.5304397807056382
2020-07-30 12:50:00,-0.47865974423002555
2020-07-30 13:00:00,-0.47788711090248626
2020-07-30 13:10:00,-0.38830213047376105
2020-07-30 13:20:00,-0.2556167758225314
2020-07-30 13:30:00,-0.4284509906310241
2020-07-30 13:40:00,-0.6046788338554876
2020-07-30 13:50:00,-0.5531077795105865
2020-07-30 14:00:00,-0.4330845888525836
2020-07-30 14:10:00,-0.3944778291016249
2020-07-30 14:20:00,-0.5211637730925922
2020-07-30 14:30:00,-0.5180719617547069
2020-07-30 14:40:00,-0.38830213047376105
2020-07-30 14:50:00,-0.30496750628961067
2020-07-30 15:00:00,-0.37595187727790247
2020-07-30 15:10:00,-0.49952310091070373
2020-07-30 15:20:00,-0.2895427866032918
2020-07-30 15:30:00,-0.2679521753509384
2020-07-30 15:40:00,-0.3815710533661587
2020-07-30 15:50:00,-0.4500762861322727
2020-07-30 16:00:00,-0.3419965436491701
2020-07-31 09:30:00,0.0
2020-07-31 09:40:00,0.1727116146074792
2020-07-31 09:50:00,0.21584295019101418
2020-07-31 10:00:00,0.22662287797592384
2020-07-31 10:10:00,-0.007717299874965278
2020-07-31 10:20:00,-0.34012586514062804
2020-07-31 10:30:00,-0.3742021654037586
2020-07-31 10:40:00,-0.1807410874596016
2020-07-31 10:50:00,-0.27200808066938365
2020-07-31 11:00:00,-0.20239012570835158
2020-07-31 11:10:00,-0.25034396718845997
2020-07-31 11:20:00,0.12092944377748438
2020-07-31 11:30:00,0.0555469849183865
2020-07-31 11:40:00,-0.04943189699151418
2020-07-31 11:50:00,0.01543281327816004
2020-07-31 12:00:00,-0.21630983991265396
2020-07-31 12:10:00,-0.4175888030001573
2020-07-31 12:20:00,-0.4578932571878802
2020-07-31 12:30:00,-0.33083434364726827
2020-07-31 12:40:00,-0.678304677424979
2020-07-31 12:50:00,-0.650338299044062
2020-07-31 13:00:00,-0.696953275726031
2020-07-31 13:10:00,-0.5913238387889486
2020-07-31 13:20:00,-0.6037450417984758
2020-07-31 13:30:00,-0.38039910411802325
2020-07-31 13:40:00,-0.49356074355104695
2020-07-31 13:50:00,-0.3246404755747001
2020-07-31 14:00:00,-0.42180450823865456
2020-07-31 14:10:00,-0.5726949266635195
2020-07-31 14:20:00,-0.5820089489308344
2020-07-31 14:30:00,-0.4237884310244411
2020-07-31 14:40:00,-0.32823287232925935
2020-07-31 14:50:00,-0.23177846184401218
2020-07-31 15:00:00,-0.015435195363089349
2020-07-31 15:10:00,0.11722969104388525
2020-07-31 15:20:00,0.1480567821354306
2020-07-31 15:30:00,0.19757601976841954
2020-07-31 15:40:00,0.23894137267141957
2020-07-31 15:50:00,0.43429449315040003
2020-07-31 16:00:00,0.7687378345099916
2020-08-03 09:30:00,0.0
2020-08-03 09:40:00,0.3790430655460142
2020-08-03 09:50:00,0.46138650330993514
2020-08-03 10:00:00,0.5573682284466308
2020-08-03 10:10:00,0.7536152583496936
2020-08-03 10:20:00,0.7688121339013421
2020-08-03 10:30:00,0.6380434693300074
2020-08-03 10:40:00,0.6978837520212444
2020-08-03 10:50:00,0.43089683906982756
2020-08-03 11:00:00,0.5223379573653375
2020-08-03 11:10:00,0.6319570420609821
2020-08-03 11:20:00,0.7034491771687357
2020-08-03 11:30:00,0.7080107700777383
2020-08-03 11:40:00,0.7900838805438681
2020-08-03 11:50:00,0.8113511032767029
2020-08-03 12:00:00,0.7748902375348976
2020-08-03 12:10:00,0.7444960243589982
2020-08-03 12:20:00,0.7581745635123482
2020-08-03 12:30:00,0.7171333316994044
2020-08-03 12:40:00,0.7323357519539719
2020-08-03 12:50:00,0.7498764729954921
2020-08-03 13:00:00,0.7262550611856433
2020-08-03 13:10:00,0.7536152583496936
2020-08-03 13:20:00,0.7627336608119428
2020-08-03 13:30:00,0.802206751783352
2020-08-03 13:40:00,0.7840370871733171
2020-08-03 13:50:00,0.7353759586882447
2020-08-03 14:00:00,0.7809679717574625
2020-08-03 14:10:00,0.7292954527883033
2020-08-03 14:20:00,0.8569084987890996
2020-08-03 14:30:00,0.881197292666247
2020-08-03 14:40:00,0.9327913999428894
2020-08-03 14:50:00,0.8796794158723031
2020-08-03 15:00:00,0.8963747935680999
2020-08-03 15:10:00,0.853902350304292
2020-08-03 15:20:00,0.7262550611856433
2020-08-03 15:30:00,0.7551350498343545
2020-08-03 15:40:00,0.7660768667339113
2020-08-03 15:50:00,0.7976798364605742
2020-08-03 16:00:00,0.6988873761688552
2020-08-04 09:30:00,0.0
2020-08-04 09:40:00,-0.1857010747213117
2020-08-04 09:50:00,-0.047153668592425646
2020-08-04 10:00:00,-0.042589438463203066
2020-08-04 10:10:00,0.1398091529173584
2020-08-04 10:20:00,0.09120204924739639
2020-08-04 10:30:00,-0.006083095080633427
2020-08-04 10:40:00,0.04561142189061229
2020-08-04 10:50:00,0.17928503518449546
2020-08-04 11:00:00,0.17928503518449546
2020-08-04 11:10:00,0.14588337997381018
2020-08-04 11:20:00,0.24911916754897234
2020-08-04 11:30:00,0.18991049531491555
2020-08-04 11:40:00,0.16106733360077286
2020-08-04 11:50:00,0.18535686493228454
2020-08-04 12:00:00,0.19370502891025154
2020-08-04 12:10:00,0.06536991240615464
2020-08-04 12:20:00,0.03345041007944971
2020-08-04 12:30:00,0.10639430730199351
2020-08-04 12:40:00,0.06992900970574922
2020-08-04 12:50:00,0.08816332065126886
2020-08-04 13:00:00,0.03953110084777833
2020-08-04 13:10:00,0.027369349540595778
2020-08-04 13:20:00,0.17169472951925613
2020-08-04 13:30:00,0.14892035514675328
2020-08-04 13:40:00,0.15043880814689103
2020-08-04 13:50:00,0.09424068550769604
2020-08-04 14:00:00,0.16410384768290598
2020-08-04 14:10:00,0.14284631256584746
2020-08-04 14:20:00,0.11095153468563268
2020-08-04 14:30:00,-0.03650412232909517
2020-08-04 14:40:00,-0.2527599366239919
2020-08-04 14:50:00,-0.08063105645153001
2020-08-04 15:00:00,0.05895643035289666
2020-08-04 15:10:00,0.06536991240615464
2020-08-04 15:20:00,0.082085586428704
2020-08-04 15:30:00,0.1094324819668202
2020-08-04 15:40:00,0.1246219708697538
2020-08-04 15:50:00,0.17473092092101794
2020-08-04 16:00:00,0.37340095904419
2020-08-05 09:30:00,0.0
2020-08-05 09:40:00,0.47261346976874563
2020-08-05 09:50:00,0.46248098755521383
2020-08-05 10:00:00,0.5499001680663085
2020-08-05 10:10:00,0.5830391865508489
2020-08-05 10:20:00,0.5499001680663085
2020-08-05 10:30:00,0.5860512801066697
2020-08-05 10:40:00,0.5107217096895766
2020-08-05 10:50:00,0.5800270022652043
2020-08-05 11:00:00,0.5438737119220605
2020-08-05 11:10:00,0.6763719245126865
2020-08-05 11:20:00,0.647779212449695
2020-08-05 11:30:00,0.5950870164500799
2020-08-05 11:40:00,0.6462741063772981
2020-08-05 11:50:00,0.5378468925741231
2020-08-05 12:00:00,0.4775587132596293
2020-08-05 12:10:00,0.5227782549011017
2020-08-05 12:20:00,0.5348333466851152
2020-08-05 12:30:00,0.43533535104955945
2020-08-05 12:40:00,0.5212109862224423
2020-08-05 12:50:00,0.5137359822704468
2020-08-05 13:00:00,0.525792164092298
2020-08-05 13:10:00,0.5077073462475212
2020-08-05 13:20:00,0.5405590062299126
2020-08-05 13:30:00,0.5468869853919145
2020-08-05 13:40:00,0.5634583666544124
2020-08-05 13:50:00,0.5182572207891312
2020-08-05 14:00:00,0.5514067253569621
2020-08-05 14:10:00,0.5830391865508489
2020-08-05 14:20:00,0.5770147272442294
2020-08-05 14:30:00,0.6161672267279705
2020-08-05 14:40:00,0.6252002424063541
2020-08-05 14:50:00,0.5709899049747058
2020-08-05 15:00:00,0.5499001680663085
2020-08-05 15:10:00,0.4926341659286848
2020-08-05 15:20:00,0.5363401309813831
2020-08-05 15:30:00,0.5137359822704468
2020-08-05 15:40:00,0.5481525331736847
2020-08-05 15:50:00,0.36894831218905466
2020-08-05 16:00:00,0.614661644782899
2020-08-06 09:30:00,0.0
2020-08-06 09:40:00,-0.21401343491245228
2020-08-06 09:50:00,-0.09338615852421128
2020-08-06 10:00:00,0.04515556167463686
2020-08-06 10:10:00,0.003011005224351493
2020-08-06 10:20:00,0.060202885536497774
2020-08-06 10:30:00,0.10833911198417923
2020-08-06 10:40:00,-0.03613913606566044
2020-08-06 10:50:00,-0.1958798950704832
2020-08-06 11:00:00,-0.10845661292693265
2020-08-06 11:10:00,-0.06023915124480084
2020-08-06 11:20:00,-0.09037234016684437
2020-08-06 11:30:00,-0.15669733506129546
2020-08-06 11:40:00,-0.15733064928964424
2020-08-06 11:50:00,-0.13513688618873587
2020-08-06 12:00:00,-0.13860433700214614
2020-08-06 12:10:00,-0.054213602918107284
2020-08-06 12:20:00,-0.033127042509839555
2020-08-06 12:30:00,-0.01204492759443454
2020-08-06 12:40:00,0.009032743702075408
2020-08-06 12:50:00,0.021075132926640094
2020-08-06 13:00:00,0.0932990301377501
2020-08-06 13:10:00,0.07524794551940772
2020-08-06 13:20:00,0.06926028281082353
2020-08-06 13:30:00,0.1113468569275966
2020-08-06 13:40:00,0.1113468569275966
2020-08-06 13:50:00,0.18651109431733204
2020-08-06 14:00:00,0.21055172309552006
2020-08-06 14:10:00,0.36667509224406203
2020-08-06 14:20:00,0.37267497224826585
2020-08-06 14:30:00,0.4554066019028191
2020-08-06 14:40:00,0.5315407640948955
2020-08-06 14:50:00,0.5495396234171501
2020-08-06 15:00:00,0.5659783463181078
2020-08-06 15:10:00,0.5525041830058086
2020-08-06 15:20:00,0.6931448692936826
2020-08-06 15:30:00,0.6063899464939126
2020-08-06 15:40:00,0.62733768197063
2020-08-06 15:50:00,0.5075771886148495
2020-08-06 16:00:00,0.6572554084466553
2020-08-07 09:30:00,0.0
2020-08-07 09:40:00,-0.3555801409160786
2020-08-07 09:50:00,-0.13319068437107617
2020-08-07 10:00:00,-0.1167193033582592
2020-08-07 10:10:00,-0.14067857271511386
2020-08-07 10:20:00,-0.26056110220809003
2020-08-07 10:30:00,-0.18561768098077636
2020-08-07 10:40:00,-0.0688179791683119
2020-08-07 10:50:00,-0.0299150415059124
2020-08-07 11:00:00,0.013458849587699717
2020-08-07 11:10:00,0.05980324909868884
2020-08-07 11:20:00,-0.1376833500950525
2020-08-07 11:30:00,-0.17063573419857647
2020-08-07 11:40:00,-0.06283192666884929
2020-08-07 11:50:00,-0.053853519731461574
2020-08-07 12:00:00,-0.23357499988687636
2020-08-07 12:10:00,-0.23357499988687636
2020-08-07 12:20:00,-0.1436738850515873
2020-08-07 12:30:00,0.0
2020-08-07 12:40:00,0.029935996704200107
2020-08-07 12:50:00,-0.08378467829075475
2020-08-07 13:00:00,-0.12869822047845147
2020-08-07 13:10:00,-0.3340601867782844
2020-08-07 13:20:00,-0.3325596653470875
2020-08-07 13:30:00,-0.20359898047779268
2020-08-07 13:40:00,-0.09575965061294767
2020-08-07 13:50:00,-0.2815553288728623
2020-08-07 14:00:00,-0.39560095948116825
2020-08-07 14:10:00,-0.4526725859195224
2020-08-07 14:20:00,-0.4977521521158934
2020-08-07 14:30:00,-0.5548821243531066
2020-08-07 14:40:00,-0.40761333223953145
2020-08-07 14:50:00,-0.377585105480982
2020-08-07 15:00:00,-0.30855438406991453
2020-08-07 15:10:00,-0.18861433970656094
2020-08-07 15:20:00,-0.2575622867399652
2020-08-07 15:30:00,-0.31155472910988635
2020-08-07 15:40:00,-0.1376833500950525
2020-08-07 15:50:00,0.08999030446110723
2020-08-07 16:00:00,0.08072593983303733
2020-08-10 09:30:00,0.0
2020-08-10 09:40:00,0.20303969233790298
2020-08-10 09:50:00,0.27165149581200865
2020-08-10 10:00:00,0.15828695048565322
2020-08-10 10:10:00,0.12097769362631183
2020-08-10 10:20:00,0.22988172712530286
2020-08-10 10:30:00,0.22391745312484446
2020-08-10 10:40:00,0.16425514003710617
2020-08-10 10:50:00,-0.1166355272411046
2020-08-10 11:00:00,-0.4133227400892281
2020-08-10 11:10:00,-0.2252287912087425
2020-08-10 11:20:00,-0.14656399841896928
2020-08-10 11:30:00,-0.06278684074532137
2020-08-10 11:40:00,-0.046338857455285876
2020-08-10 11:50:00,-0.03886339565513097
2020-08-10 12:00:00,0.11351417158680377
2020-08-10 12:10:00,0.09559944563424239
2020-08-10 12:20:00,0.04781114688414689
2020-08-10 12:30:00,-0.047834016876624474
2020-08-10 12:40:00,0.03137864335531759
2020-08-10 12:50:00,0.16425514003710617
2020-08-10 13:00:00,0.17320675655581041
2020-08-10 13:10:00,0.23882747119357006
2020-08-10 13:20:00,0.18215757183188686
2020-08-10 13:30:00,0.1955822927297568
2020-08-10 13:40:00,0.2090052116381358
2020-08-10 13:50:00,0.14485722152217662
2020-08-10 14:00:00,0.1553027221322445
2020-08-10 14:10:00,0.18514099889479496
2020-08-10 14:20:00,0.16425514003710617
2020-08-10 14:30:00,0.2090052116381358
2020-08-10 14:40:00,0.16127108978549742
2020-08-10 14:50:00,0.13142568874018323
2020-08-10 15:00:00,0.2731120784861929
2020-08-10 15:10:00,0.30738493546422774
2020-08-10 15:20:00,0.2507538852331237
2020-08-10 15:30:00,0.21795282337739863
2020-08-10 15:40:00,0.18812433695192254
2020-08-10 15:50:00,0.10007842801016409
2020-08-10 16:00:00,0.27162168778023243
2020-08-11 09:30:00,0.0
2020-08-11 09:40:00,0.42523518885175804
2020-08-11 09:50:00,0.45431108009914567
2020-08-11 10:00:00,0.24406226770548045
2020-08-11 10:10:00,0.008939612920677575
2020-08-11 10:20:00,0.2470349634949187
2020-08-11 10:30:00,0.2760735530714875
2020-08-11 10:40:00,0.34508438231073413
2020-08-11 10:50:00,0.2529800899791823
2020-08-11 11:00:00,0.33914472918477045
2020-08-11 11:10:00,0.4311697308552631
2020-08-11 11:20:00,0.4163327154420138
2020-08-11 11:30:00,0.46083715920346435
2020-08-11 11:40:00,0.3866520788712968
2020-08-11 11:50:00,0.35993197183188386
2020-08-11 12:00:00,0.3153825881040184
2020-08-11 12:10:00,0.325690110213106
2020-08-11 12:20:00,0.4074294494214037
2020-08-11 12:30:00,0.4489712440308935
2020-08-11 12:40:00,0.45787081240771244
2020-08-11 12:50:00,0.46083715920346435
2020-08-11 13:00:00,0.4222677857743662
2020-08-11 13:10:00,0.44303775840299764
2020-08-11 13:20:00,0.4474879056294512
2020-08-11 13:30:00,0.564603900900007
2020-08-11 13:40:00,0.4934611677971823
2020-08-11 13:50:00,0.4074294494214037
2020-08-11 14:00:00,0.4964264590631373
2020-08-11 14:10:00,0.5231101243710512
2020-08-11 14:20:00,0.37180845640643057
2020-08-11 14:30:00,0.21135678032520033
2020-08-11 14:40:00,0.1176409406969725
2020-08-11 14:50:00,0.09233748515180551
2020-08-11 15:00:00,0.2202775195630835
2020-08-11 15:10:00,0.017878426746076315
2020-08-11 15:20:00,-0.5113327947911195
2020-08-11 15:30:00,-0.2536217027340193
2020-08-11 15:40:00,-0.48096525751475383
2020-08-11 15:50:00,-0.7147693982273218
2020-08-11 16:00:00,-0.8559338782612613
2020-08-12 09:30:00,0.0
2020-08-12 09:40:00,0.10279100813459507
2020-08-12 09:50:00,0.19357630715255425
2020-08-12 10:00:00,0.282792990641223
2020-08-12 10:10:00,0.318457389033977
2020-08-12 10:20:00,0.3808394963044748
2020-08-12 10:30:00,0.5084529931676407
2020-08-12 10:40:00,0.4906562321312258
2020-08-12 10:50:00,0.45208571436301526
2020-08-12 11:00:00,0.5351421975429815
2020-08-12 11:10:00,0.5232812083225902
2020-08-12 11:20:00,0.4995550085553191
2020-08-12 11:30:00,0.509431723140974
2020-08-12 11:40:00,0.4995550085553191
2020-08-12 11:50:00,0.4728563032839084
2020-08-12 12:00:00,0.5262465875206956
2020-08-12 12:10:00,0.6181297541729691
2020-08-12 12:20:00,0.632941716340607
2020-08-12 12:30:00,0.6536747782439178
2020-08-12 12:40:00,0.6892071723166637
2020-08-12 12:50:00,0.6003525030816803
2020-08-12 13:00:00,0.4787899649482341
2020-08-12 13:10:00,0.44318271256171826
2020-08-12 13:20:00,0.3956866449368768
2020-08-12 13:30:00,0.35410907246813395
2020-08-12 13:40:00,0.5366247222826637
2020-08-12 13:50:00,0.6122043549474654
2020-08-12 14:00:00,0.7217674461106327
2020-08-12 14:10:00,0.6507131754242224
2020-08-12 14:20:00,0.6862466216539964
2020-08-12 14:30:00,0.6773644437381598
2020-08-12 14:40:00,0.6270171947440062
2020-08-12 14:50:00,0.7010484985590537
2020-08-12 15:00:00,0.7188078592687219
2020-08-12 15:10:00,0.6744035424395278
2020-08-12 15:20:00,0.8371230647412631
2020-08-12 15:30:00,0.7720670255422668
2020-08-12 15:40:00,0.6610784015805393
2020-08-12 15:50:00,0.6595977207634718
2020-08-12 16:00:00,0.5855357126677063
2020-08-13 09:30:00,0.0
2020-08-13 09:40:00,-0.06818350519850469
2020-08-13 09:50:00,-0.05928736759894804
2020-08-13 10:00:00,0.13622769897789766
2020-08-13 10:10:00,0.08886519735256115
2020-08-13 10:20:00,0.04148025303170044
2020-08-13 10:30:00,0.06813704696959633
2020-08-13 10:40:00,0.07109847437787309
2020-08-13 10:50:00,0.08590429605392913
2020-08-13 11:00:00,0.11846938952233543
2020-08-13 11:10:00,0.15004740101227654
2020-08-13 11:20:00,0.16874682644401062
2020-08-13 11:30:00,0.11994936909864862
2020-08-13 11:40:00,0.050366640572896415
2020-08-13 11:50:00,0.056349696678292815
2020-08-13 12:00:00,0.07109847437787309
2020-08-13 12:10:00,0.15102388158982905
2020-08-13 12:20:00,0.14066678363944263
2020-08-13 12:30:00,0.11846938952233543
2020-08-13 12:40:00,0.1480648202038637
2020-08-13 12:50:00,0.18060968062219018
2020-08-13 13:00:00,0.19835695941941012
2020-08-13 13:10:00,0.1155093646579175
2020-08-13 13:20:00,0.12142932677186025
2020-08-13 13:30:00,0.04148025303170044
2020-08-13 13:40:00,-0.04446223006864258
2020-08-13 13:50:00,0.09825067506472607
2020-08-13 14:00:00,0.04148025303170044
2020-08-13 14:10:00,-0.020746580593389297
2020-08-13 14:20:00,-0.19726651458329414
2020-08-13 14:30:00,-0.1720302960224629
2020-08-13 14:40:00,-0.3012475102859291
2020-08-13 14:50:00,-0.2165690974773149
2020-08-13 15:00:00,-0.34584391358194466
2020-08-13 15:10:00,-0.3503046479682581
2020-08-13 15:20:00,-0.1898434362293422
2020-08-13 15:30:00,-0.08301216011830093
2020-08-13 15:40:00,-0.16015663179578254
2020-08-13 15:50:00,-0.23439017391746475
2020-08-13 16:00:00,-0.1720302960224629
2020-08-14 09:30:00,0.0
2020-08-14 09:40:00,-0.008916497011490776
2020-08-14 09:50:00,-0.13680706392618092
2020-08-14 10:00:00,0.05942300439292225
2020-08-14 10:10:00,0.0920906117811704
2020-08-14 10:20:00,-0.06840987741485449
2020-08-14 10:30:00,-0.06391913703822638
2020-08-14 10:40:00,0.08021271653024797
2020-08-14 10:50:00,0.14255593278749146
2020-08-14 11:00:00,0.026744721791427395
2020-08-14 11:10:00,0.11881071882058336
2020-08-14 11:20:00,0.13068403059799394
2020-08-14 11:30:00,0.2107920323304313
2020-08-14 11:40:00,0.1989282287810923
2020-08-14 11:50:00,0.17519639835228418
2020-08-14 12:00:00,0.1870630175663912
2020-08-14 12:10:00,0.2196889614128672
2020-08-14 12:20:00,0.16623616782505124
2020-08-14 12:30:00,0.14255593278749146
2020-08-14 12:40:00,0.22265442854836337
2020-08-14 12:50:00,0.1989282287810923
2020-08-14 13:00:00,0.15145893458878845
2020-08-14 13:10:00,0.13662015787030413
2020-08-14 13:20:00,0.1870630175663912
2020-08-14 13:30:00,0.19794940213619938
2020-08-14 13:40:00,0.20486030649307096
2020-08-14 13:50:00,0.21375776330918583
2020-08-14 14:00:00,0.2789816019689084
2020-08-14 14:10:00,0.21227490881425837
2020-08-14 14:20:00,0.178192852597725
2020-08-14 14:30:00,0.14552368812594807
2020-08-14 14:40:00,0.12768615241283143
2020-08-14 14:50:00,0.04159981042937133
2020-08-14 15:00:00,0.0297159160631999
2020-08-14 15:10:00,-0.0029720773336627815
2020-08-14 15:20:00,-0.10110021675888703
2020-08-14 15:30:00,-0.11002573332907772
2020-08-14 15:40:00,-0.1665725124135875
2020-08-14 15:50:00,-0.20974815606642494
2020-08-14 16:00:00,0.071303369134057
2020-08-17 09:30:00,0.0
2020-08-17 09:40:00,0.3322464048525653
2020-08-17 09:50:00,0.3615354360239742
2020-08-17 10:00:00,0.3319505122852284
2020-08-17 10:10:00,0.3319505122852284
2020-08-17 10:20:00,0.3319505122852284
2020-08-17 10:30:00,0.3319505122852284
2020-08-17 10:40:00,0.3319505122852284
2020-08-17 10:50:00,0.3319505122852284
2020-08-17 11:00:00,0.3319505122852284
2020-08-17 11:10:00,0.3319505122852284
2020-08-17 11:20:00,0.3319505122852284
2020-08-17 11:30:00,0.3319505122852284
2020-08-17 11:40:00,0.3319505122852284
2020-08-17 11:50:00,0.3319505122852284
2020-08-17 12:00:00,0.3319505122852284
2020-08-17 12:10:00,0.3319505122852284
2020-08-17 12:20:00,0.3319505122852284
2020-08-17 12:30:00,0.3319505122852284
2020-08-17 12:40:00,0.3319505122852284
2020-08-17 12:50:00,0.3319505122852284
2020-08-17 13:00:00,0.3319505122852284
2020-08-17 13:10:00,0.3319505122852284
2020-08-17 13:20:00,0.3319505122852284
2020-08-17 13:30:00,0.3319505122852284
2020-08-17 13:40:00,0.3319505122852284
2020-08-17 13:50:00,0.3319505122852284
2020-08-17 14:00:00,0.3319505122852284
2020-08-17 14:10:00,0.3319505122852284
2020-08-17 14:20:00,0.3319505122852284
2020-08-17 14:30:00,0.3319505122852284
2020-08-17 14:40:00,0.3319505122852284
2020-08-17 14:50:00,0.3319505122852284
2020-08-17 15:00:00,0.3319505122852284
2020-08-17 15:10:00,0.3319505122852284
2020-08-17 15:20:00,0.3319505122852284
2020-08-17 15:30:00,0.3319505122852284
2020-08-17 15:40:00,0.3319505122852284
2020-08-17 15:50:00,0.3319505122852284
2020-08-17 16:00:00,0.3319505122852284
2020-08-18 09:30:00,0.0
2020-08-18 09:40:00,0.03841437335774245
2020-08-18 09:50:00,0.03841437335774245
2020-08-18 10:00:00,0.03841437335774245
2020-08-18 10:10:00,-0.18044939742445365
2020-08-18 10:20:00,-0.18044939742445365
2020-08-18 10:30:00,-0.4413448907994777
2020-08-18 10:40:00,-0.4947938334859181
2020-08-18 10:50:00,-0.2782054594194783
2020-08-18 11:00:00,-0.1715968254578648
2020-08-18 11:10:00,-0.1094140543557387
2020-08-18 11:20:00,-0.11237285308363099
2020-08-18 11:30:00,-0.02482944548507504
2020-08-18 11:40:00,-0.004433377421619866
2020-08-18 11:50:00,-0.01477868915724656
2020-08-18 12:00:00,0.008866165241538937
2020-08-18 12:10:00,0.035459945408611304
2020-08-18 12:20:00,0.0
2020-08-18 12:30:00,0.039891554600490764
2020-08-18 12:40:00,0.0945319263330191
2020-08-18 12:50:00,0.1004372056544689
2020-08-18 13:00:00,0.10581070679585025
2020-08-18 13:10:00,0.14471568851153194
2020-08-18 13:20:00,0.12110293751632639
2020-08-18 13:30:00,0.0915791558959711
2020-08-18 13:40:00,0.1653722728712559
2020-08-18 13:50:00,0.1668475799195157
2020-08-18 14:00:00,0.13586156026841323
2020-08-18 14:10:00,0.1270066480000942
2020-08-18 14:20:00,0.09751413597633984
2020-08-18 14:30:00,0.1299583725453246
2020-08-18 14:40:00,0.1151988784740432
2020-08-18 14:50:00,0.1388130234565743
2020-08-18 15:00:00,0.14914245866695097
2020-08-18 15:10:00,0.10040768012524737
2020-08-18 15:20:00,0.15651997348067326
2020-08-18 15:30:00,0.124054836325449
2020-08-18 15:40:00,0.07681399574099856
2020-08-18 15:50:00,0.0915791558959711
2020-08-18 16:00:00,0.05023121236700234
2020-08-19 09:30:00,0.0
2020-08-19 09:40:00,0.008847078258167329
2020-08-19 09:50:00,-0.10327378796644027
2020-08-19 10:00:00,-0.0855621336516954
2020-08-19 10:10:00,-0.07375610666118249
2020-08-19 10:20:00,-0.04424713571991035
2020-08-19 10:30:00,0.014744695622415094
2020-08-19 10:40:00,0.03243546108899764
2020-08-19 10:50:00,0.04953355999894882
2020-08-19 11:00:00,0.05012309747733923
2020-08-19 11:10:00,0.026538886996885225
2020-08-19 11:20:00,0.005308340879306428
2020-08-19 11:30:00,0.0648604049978907
2020-08-19 11:40:00,0.13851438195953136
2020-08-19 11:50:00,0.11492155342196497
2020-08-19 12:00:00,0.12422975109354084
2020-08-19 12:10:00,0.08696229479943085
2020-08-19 12:20:00,0.0722282443823552
2020-08-19 12:30:00,0.09432850599209175
2020-08-19 12:40:00,0.07664868745882458
2020-08-19 12:50:00,0.013270323889091884
2020-08-19 13:00:00,0.028013063116727466
2020-08-19 13:10:00,0.029516700370990634
2020-08-19 13:20:00,0.06197206384577214
2020-08-19 13:30:00,0.029487217504886587
2020-08-19 13:40:00,0.07075471993287508
2020-08-19 13:50:00,0.10287263124828527
2020-08-19 14:00:00,0.08548898744544786
2020-08-19 14:10:00,0.01772286022108105
2020-08-19 14:20:00,-0.26577696299217024
2020-08-19 14:30:00,-0.2687340118576742
2020-08-19 14:40:00,-0.25099303014348706
2020-08-19 14:50:00,-0.2007440008137351
2020-08-19 15:00:00,-0.13277065402759192
2020-08-19 15:10:00,-0.11213079164793527
2020-08-19 15:20:00,-0.23621128261837043
2020-08-19 15:30:00,-0.3515669012490008
2020-08-19 15:40:00,-0.4137366265961617
2020-08-19 15:50:00,-0.6984343277889771
2020-08-19 16:00:00,-0.517438803265069
2020-08-20 09:30:00,0.0
2020-08-20 09:40:00,0.212951392061278
2020-08-20 09:50:00,0.3125700245218077
2020-08-20 10:00:00,0.39872698405449825
2020-08-20 10:10:00,0.41951237496888893
2020-08-20 10:20:00,0.5382032289371175
2020-08-20 10:30:00,0.5204085791482349
2020-08-20 10:40:00,0.4670056229155506
2020-08-20 10:50:00,0.5589596523834395
2020-08-20 11:00:00,0.5204085791482349
2020-08-20 11:10:00,0.41654329790628
2020-08-20 11:20:00,0.44326181845297796
2020-08-20 11:30:00,0.5411686960726136
2020-08-20 11:40:00,0.6597153284134016
2020-08-20 11:50:00,0.6330545861981562
2020-08-20 12:00:00,0.6893300412190939
2020-08-20 12:10:00,0.6686006631742458
2020-08-20 12:20:00,0.6455860203394614
2020-08-20 12:30:00,0.6493481065973583
2020-08-20 12:40:00,0.6434234972496178
2020-08-20 12:50:00,0.5989777351620873
2020-08-20 13:00:00,0.5708185317332415
2020-08-20 13:10:00,0.5396859734974058
2020-08-20 13:20:00,0.5826463629896139
2020-08-20 13:30:00,0.6182399908317038
2020-08-20 13:40:00,0.6656389726410694
2020-08-20 13:50:00,0.641942290065689
2020-08-20 14:00:00,0.6478669871673226
2020-08-20 14:10:00,0.6730430345127658
2020-08-20 14:20:00,0.6922910301895513
2020-08-20 14:30:00,0.784038228717332
2020-08-20 14:40:00,0.7810799551655201
2020-08-20 14:50:00,0.7959000266573035
2020-08-20 15:00:00,0.8343154941017339
2020-08-20 15:10:00,0.94070162665707
2020-08-20 15:20:00,0.7855173326761111
2020-08-20 15:30:00,0.7804882899534071
2020-08-20 15:40:00,0.8402288049661699
2020-08-20 15:50:00,0.9259325412796393
2020-08-20 16:00:00,0.8520543777811085
2020-08-21 09:30:00,0.0
2020-08-21 09:40:00,-0.03551767041418685
2020-08-21 09:50:00,0.20102886211930127
2020-08-21 10:00:00,0.206935362224403
2020-08-21 10:10:00,0.19562410885898274
2020-08-21 10:20:00,0.09169563609283671
2020-08-21 10:30:00,0.17001401166503172
2020-08-21 10:40:00,0.2335102963125557
2020-08-21 10:50:00,0.20398215578030232
2020-08-21 11:00:00,0.20398215578030232
2020-08-21 11:10:00,0.1490366125196374
2020-08-21 11:20:00,0.08873902436965508
2020-08-21 11:30:00,0.1862610853812896
2020-08-21 11:40:00,0.11830120863915994
2020-08-21 11:50:00,0.09465216040309699
2020-08-21 12:00:00,0.01183642068021129
2020-08-21 12:10:00,0.16262810544791506
2020-08-21 12:20:00,0.2349864744872754
2020-08-21 12:30:00,0.2202237120523698
2020-08-21 12:40:00,0.1921684577837368
2020-08-21 12:50:00,0.2364626308713369
2020-08-21 13:00:00,0.1921684577837368
2020-08-21 13:10:00,0.20398215578030232
2020-08-21 13:20:00,0.20102886211930127
2020-08-21 13:30:00,0.1921684577837368
2020-08-21 13:40:00,0.27631061870625473
2020-08-21 13:50:00,0.283688133519977
2020-08-21 14:00:00,0.2733594603764544
2020-08-21 14:10:00,0.30434227991325
2020-08-21 14:20:00,0.3220424392608834
2020-08-21 14:30:00,0.3338408052009356
2020-08-21 14:40:00,0.3898640415657795
2020-08-21 14:50:00,0.38102035374212306
2020-08-21 15:00:00,0.41639041335574944
2020-08-21 15:10:00,0.5018164440313555
2020-08-21 15:20:00,0.4517479669813973
2020-08-21 15:30:00,0.4635310406097659
2020-08-21 15:40:00,0.44517830060177843
2020-08-21 15:50:00,0.38396833658511653
2020-08-21 16:00:00,0.460585402363467
2020-08-24 09:30:00,0.0
2020-08-24 09:40:00,-0.026309250776623827
2020-08-24 09:50:00,-0.03508053943068745
2020-08-24 10:00:00,-0.07894852673988595
2020-08-24 10:10:00,-0.14917735856059267
2020-08-24 10:20:00,0.06428237715514484
2020-08-24 10:30:00,-0.023385658851360347
2020-08-24 10:40:00,0.016074468663784813
2020-08-24 10:50:00,-0.11648555403453997
2020-08-24 11:00:00,-0.24588120604747132
2020-08-24 11:10:00,-0.11551988884557218
2020-08-24 11:20:00,-0.1199093512102678
2020-08-24 11:30:00,-0.20481018336129253
2020-08-24 11:40:00,-0.09650111140304674
2020-08-24 11:50:00,-0.05850365025263926
2020-08-24 12:00:00,-0.10381559774650384
2020-08-24 12:10:00,-0.08479904597509247
2020-08-24 12:20:00,-0.052625425141528126
2020-08-24 12:30:00,-0.12283576649805283
2020-08-24 12:40:00,-0.0989002039609943
2020-08-24 12:50:00,-0.0818737435717587
2020-08-24 13:00:00,-0.12839619149156434
2020-08-24 13:10:00,-0.023385658851360347
2020-08-24 13:20:00,-0.07017338962267416
2020-08-24 13:30:00,-0.10527855921944607
2020-08-24 13:40:00,-0.08772443395494989
2020-08-24 13:50:00,-0.16088696044755935
2020-08-24 14:00:00,-0.10235265767581936
2020-08-24 14:10:00,-0.0818737435717587
2020-08-24 14:20:00,-0.07309834977036189
2020-08-24 14:30:00,-0.10527855921944607
2020-08-24 14:40:00,-0.17113398698898052
2020-08-24 14:50:00,-0.17552589124614215
2020-08-24 15:00:00,-0.1813820636535013
2020-08-24 15:10:00,-0.26340450724786635
2020-08-24 15:20:00,-0.17552589124614215
2020-08-24 15:30:00,-0.06578610980865207
2020-08-24 15:40:00,0.00876821231328151
2020-08-24 15:50:00,0.08180676530678
2020-08-24 16:00:00,0.24230404942011674
2020-08-25 09:30:00,0.0
2020-08-25 09:40:00,-0.17478447702989897
2020-08-25 09:50:00,-0.07570243482808436
2020-08-25 10:00:00,-0.06987713555171027
2020-08-25 10:10:00,-0.28613573754654453
2020-08-25 10:20:00,-0.13105970916766907
2020-08-25 10:30:00,-0.2360312890064442
2020-08-25 10:40:00,-0.1966540325089916
2020-08-25 10:50:00,-0.3230954647105655
2020-08-25 11:00:00,-0.24691381362282883
2020-08-25 11:10:00,-0.1543772061399551
2020-08-25 11:20:00,-0.0844410200566692
2020-08-25 11:30:00,-0.12523118436558178
2020-08-25 11:40:00,-0.24478389655966382
2020-08-25 11:50:00,-0.2885584292360299
2020-08-25 12:00:00,-0.25937327843346125
2020-08-25 12:10:00,-0.22144531193886152
2020-08-25 12:20:00,-0.24916048763357068
2020-08-25 12:30:00,-0.20686146206836398
2020-08-25 12:40:00,-0.14271777802177255
2020-08-25 12:50:00,-0.1456325076079068
2020-08-25 13:00:00,-0.1543772061399551
2020-08-25 13:10:00,-0.1456325076079068
2020-08-25 13:20:00,-0.09900702593794719
2020-08-25 13:30:00,-0.08732492076850562
2020-08-25 13:40:00,-0.07570243482808436
2020-08-25 13:50:00,-0.09318036898076087
2020-08-25 14:00:00,-0.10774764798444636
2020-08-25 14:10:00,-0.08735405150304132
2020-08-25 14:20:00,-0.0291095394016061
2020-08-25 14:30:00,0.002910487943452722
2020-08-25 14:40:00,-0.005821230027613922
2020-08-25 14:50:00,0.018916657628498257
2020-08-25 15:00:00,0.03061409215003863
2020-08-25 15:10:00,0.04219378649974459
2020-08-25 15:20:00,0.09890909897265487
2020-08-25 15:30:00,0.13524815731882356
2020-08-25 15:40:00,0.14832698634625885
2020-08-25 15:50:00,0.11344630698211233
2020-08-25 16:00:00,0.16576276460735784
2020-08-26 09:30:00,0.0
2020-08-26 09:40:00,0.10601143883164355
2020-08-26 09:50:00,0.1596713647602499
2020-08-26 10:00:00,0.16840397696720188
2020-08-26 10:10:00,0.19741050363899504
2020-08-26 10:20:00,0.19160987136848107
2020-08-26 10:30:00,0.2264086189647685
2020-08-26 10:40:00,0.2901748887698119
2020-08-26 10:50:00,0.3452130547812793
2020-08-26 11:00:00,0.3249393598308892
2020-08-26 11:10:00,0.36258723679054583
2020-08-26 11:20:00,0.2901748887698119
2020-08-26 11:30:00,0.39153750044018665
2020-08-26 11:40:00,0.3929847936400499
2020-08-26 11:50:00,0.5043635144628134
2020-08-26 12:00:00,0.5433890333109481
2020-08-26 12:10:00,0.6805512416638848
2020-08-26 12:20:00,0.7700139363379321
2020-08-26 12:30:00,0.7988465058079264
2020-08-26 12:40:00,0.7253070182794197
2020-08-26 12:50:00,0.7058893380022191
2020-08-26 13:00:00,0.7209794814405868
2020-08-26 13:10:00,0.781547961725515
2020-08-26 13:20:00,0.7988465058079264
2020-08-26 13:30:00,0.742038398888134
2020-08-26 13:40:00,0.8247887124821496
2020-08-26 13:50:00,0.8190243592410162
2020-08-26 14:00:00,0.8334346193711539
2020-08-26 14:10:00,0.9400060539143773
2020-08-26 14:20:00,0.988933254096036
2020-08-26 14:30:00,1.0579662200774997
2020-08-26 14:40:00,0.8795335022896644
2020-08-26 14:50:00,0.8247887124821496
2020-08-26 15:00:00,0.6978961215550861
2020-08-26 15:10:00,0.8737723039588197
2020-08-26 15:20:00,0.9112141615123193
2020-08-26 15:30:00,1.0407124457715966
2020-08-26 15:40:00,0.928490291702122
2020-08-26 15:50:00,1.017702781611174
2020-08-26 16:00:00,1.0004420583439533
2020-08-27 09:30:00,0.0
2020-08-27 09:40:00,-0.017264199847222272
2020-08-27 09:50:00,0.21555139185505112
2020-08-27 10:00:00,0.4850546944012102
2020-08-27 10:10:00,0.08627631962765392
2020-08-27 10:20:00,0.2815608364721278
2020-08-27 10:30:00,0.4449619077019129
2020-08-27 10:40:00,0.507957643255974
2020-08-27 10:50:00,0.37255371029178974
2020-08-27 11:00:00,0.5642193653357275
2020-08-27 11:10:00,0.5451637512108753
2020-08-27 11:20:00,0.3862255962293837
2020-08-27 11:30:00,0.40198750545910045
2020-08-27 11:40:00,0.5508865393547779
2020-08-27 11:50:00,0.6080964153395207
2020-08-27 12:00:00,0.5651920770528562
2020-08-27 12:10:00,0.47932813749200776
2020-08-27 12:20:00,0.2643451816608966
2020-08-27 12:30:00,0.18970974358838433
2020-08-27 12:40:00,0.08915091538774789
2020-08-27 12:50:00,-0.03165331019330253
2020-08-27 13:00:00,-0.1958356758706259
2020-08-27 13:10:00,-0.017264199847222272
2020-08-27 13:20:00,0.09633704328955162
2020-08-27 13:30:00,0.19832436835498513
2020-08-27 13:40:00,0.16389013976008115
2020-08-27 13:50:00,0.14949834598771972
2020-08-27 14:00:00,0.31311517473824324
2020-08-27 14:10:00,0.3733276405374575
2020-08-27 14:20:00,0.4277743629003794
2020-08-27 14:30:00,0.5197792379456168
2020-08-27 14:40:00,0.5050950614933214
2020-08-27 14:50:00,0.44209752204089625
2020-08-27 15:00:00,0.4535545724357881
2020-08-27 15:10:00,0.46214649889417814
2020-08-27 15:20:00,0.5423594654608621
2020-08-27 15:30:00,0.5394406355451409
2020-08-27 15:40:00,0.47073768720400366
2020-08-27 15:50:00,0.3790602706697399
2020-08-27 16:00:00,0.20980938042685082
2020-08-28 09:30:00,0.0
2020-08-28 09:40:00,0.13197155920448012
2020-08-28 09:50:00,0.20075720864500823
2020-08-28 10:00:00,0.26376918300465846
2020-08-28 10:10:00,0.1692363257993712
2020-08-28 10:20:00,0.16063799673595724
2020-08-28 10:30:00,0.1520389282964274
2020-08-28 10:40:00,0.08321974796947629
2020-08-28 10:50:00,0.1205026828550615
2020-08-28 11:00:00,0.03731396877348914
2020-08-28 11:10:00,0.12337002525901752
2020-08-28 11:20:00,0.20075720864500823
2020-08-28 11:30:00,0.24372422496039547
2020-08-28 11:40:00,0.22653963376813024
2020-08-28 11:50:00,0.2580424621235089
2020-08-28 12:00:00,0.26949557595132845
2020-08-28 12:10:00,0.3238799603868081
2020-08-28 12:20:00,0.2923978691435458
2020-08-28 12:30:00,0.257355233578771
2020-08-28 12:40:00,0.25088359980678376
2020-08-28 12:50:00,0.34963066509696716
2020-08-28 13:00:00,0.3853845358342767
2020-08-28 13:10:00,0.30905599212074364
2020-08-28 13:20:00,0.27235864946089094
2020-08-28 13:30:00,0.13627204874424592
2020-08-28 13:40:00,0.19502687800336815
2020-08-28 13:50:00,0.18356523152531778
2020-08-28 14:00:00,0.2666324204674275
2020-08-28 14:10:00,0.28953536932219137
2020-08-28 14:20:00,0.3203601823098978
2020-08-28 14:30:00,0.3356688837341082
2020-08-28 14:40:00,0.3098859634738105
2020-08-28 14:50:00,0.43398929433919875
2020-08-28 15:00:00,0.41254893062854237
2020-08-28 15:10:00,0.5225607287009382
2020-08-28 15:20:00,0.6197561283490138
2020-08-28 15:30:00,0.5839432651558951
2020-08-28 15:40:00,0.6410094920591192
2020-08-28 15:50:00,0.6267459880625381
2020-08-28 16:00:00,0.6410094920591192
2020-08-31 09:30:00,0.0
2020-08-31 09:40:00,-0.01998600985970711
2020-08-31 09:50:00,0.01855486178383714
2020-08-31 10:00:00,-0.07425389460129495
2020-08-31 10:10:00,-0.027124838666470197
2020-08-31 10:20:00,0.03139851881872602
2020-08-31 10:30:00,-0.03426417713843222
2020-08-31 10:40:00,0.05993407431423847
2020-08-31 10:50:00,0.07710855308111775
2020-08-31 11:00:00,0.10272214565301141
2020-08-31 11:10:00,0.07705149989529758
2020-08-31 11:20:00,0.002854818219599764
2020-08-31 11:30:00,-0.22292729801591804
2020-08-31 11:40:00,-0.11140152829556271
2020-08-31 11:50:00,-0.014275313724265715
2020-08-31 12:00:00,-0.03712005524976192
2020-08-31 12:10:00,0.04284225453456969
2020-08-31 12:20:00,0.08307043157662619
2020-08-31 12:30:00,0.0365925960878144
2020-08-31 12:40:00,-0.014275313724265715
2020-08-31 12:50:00,-0.0028548997218713623
2020-08-31 13:00:00,0.0656402084099561
2020-08-31 13:10:00,0.0596772906241938
2020-08-31 13:20:00,0.10272214565301141
2020-08-31 13:30:00,0.08703531186560198
2020-08-31 13:40:00,0.08327010556605785
2020-08-31 13:50:00,0.147772457347628
2020-08-31 14:00:00,0.0970181271704007
2020-08-31 14:10:00,0.0684931533625921
2020-08-31 14:20:00,0.05708088516191978
2020-08-31 14:30:00,0.027117483092808925
2020-08-31 14:40:00,0.03853317111452981
2020-08-31 14:50:00,0.12553496655725027
2020-08-31 15:00:00,0.14549191663126848
2020-08-31 15:10:00,0.13836489166232369
2020-08-31 15:20:00,-0.03426417713843222
2020-08-31 15:30:00,0.051374262624914735
2020-08-31 15:40:00,0.11412920663609327
2020-08-31 15:50:00,0.24806479510051105
2020-08-31 16:00:00,-0.1342684713708131
2020-09-01 09:30:00,0.0
2020-09-01 09:40:00,-0.08178524816404575
2020-09-01 09:50:00,0.018187624670673586
2020-09-01 10:00:00,0.12091270147402966
2020-09-01 10:10:00,0.06813660639313213
2020-09-01 10:20:00,0.12233869592694901
2020-09-01 10:30:00,0.33885374425786097
2020-09-01 10:40:00,0.2861925749591876
2020-09-01 10:50:00,0.2406254053159529
2020-09-01 11:00:00,0.13517173102863822
2020-09-01 11:10:00,0.18078696730823296
2020-09-01 11:20:00,0.22068323753625663
2020-09-01 11:30:00,0.16653444102381343
2020-09-01 11:40:00,0.18648740909403827
2020-09-01 11:50:00,0.20358678500844718
2020-09-01 12:00:00,0.158010459623803
2020-09-01 12:10:00,0.23777676767666733
2020-09-01 12:20:00,0.26341158559626265
2020-09-01 12:30:00,0.21356007085824302
2020-09-01 12:40:00,0.21213537663316018
2020-09-01 12:50:00,0.20358678500844718
2020-09-01 13:00:00,0.2836299727219327
2020-09-01 13:10:00,0.2264098956011651
2020-09-01 13:20:00,0.2221078099863938
2020-09-01 13:30:00,0.22638140557669217
2020-09-01 13:40:00,0.2819215347467541
2020-09-01 13:50:00,0.3573497356601507
2020-09-01 14:00:00,0.32177748448649623
2020-09-01 14:10:00,0.3502362976614215
2020-09-01 14:20:00,0.39999130011096895
2020-09-01 14:30:00,0.43414264035694927
2020-09-01 14:40:00,0.4483570794080016
2020-09-01 14:50:00,0.43698568981191954
2020-09-01 15:00:00,0.4625694982435036
2020-09-01 15:10:00,0.4625694982435036
2020-09-01 15:20:00,0.4057076993100317
2020-09-01 15:30:00,0.37441992262019497
2020-09-01 15:40:00,0.3943314585765023
2020-09-01 15:50:00,0.41423903062947076
2020-09-01 16:00:00,0.686858044251526
2020-09-02 09:30:00,0.0
2020-09-02 09:40:00,0.447098851688299
2020-09-02 09:50:00,0.44427538871074645
2020-09-02 10:00:00,0.3369246806218307
2020-09-02 10:10:00,0.31148262476650146
2020-09-02 10:20:00,0.5402284355263909
2020-09-02 10:30:00,0.6699008898470638
2020-09-02 10:40:00,0.5980380180168332
2020-09-02 10:50:00,0.6107234544481699
2020-09-02 11:00:00,0.6586316969911188
2020-09-02 11:10:00,0.5458698661946926
2020-09-02 11:20:00,0.5458698661946926
2020-09-02 11:30:00,0.5176595297403885
2020-09-02 11:40:00,0.32844471453659096
2020-09-02 11:50:00,0.4950855292494616
2020-09-02 12:00:00,0.6135422218013886
2020-09-02 12:10:00,0.6417255261984778
2020-09-02 12:20:00,0.7825230263673433
2020-09-02 12:30:00,0.80503224117221
2020-09-02 12:40:00,0.837380363505158
2020-09-02 12:50:00,0.8438487324800015
2020-09-02 13:00:00,0.8359741409703858
2020-09-02 13:10:00,0.8359741409703858
2020-09-02 13:20:00,1.0242319692284063
2020-09-02 13:30:00,1.0887761631934723
2020-09-02 13:40:00,1.1392599673788695
2020-09-02 13:50:00,1.1000250395449385
2020-09-02 14:00:00,1.085970759986754
2020-09-02 14:10:00,1.041073601783804
2020-09-02 14:20:00,1.0635247005787996
2020-09-02 14:30:00,1.108411782269414
2020-09-02 14:40:00,1.0957893269046615
2020-09-02 14:50:00,1.1757046489613288
2020-09-02 15:00:00,1.1729016834236106
2020-09-02 15:10:00,1.226144598469947
2020-09-02 15:20:00,1.4472195601329396
2020-09-02 15:30:00,1.4248544496119564
2020-09-02 15:40:00,1.5338371489178826
2020-09-02 15:50:00,1.7054535238904656
2020-09-02 16:00:00,1.4304461961955006