TimeStamp,SPY
2020-09-01 09:30:00,350.2063
2020-09-01 09:40:00,349.92
2020-09-01 09:50:00,350.27
2020-09-01 10:00:00,350.63
2020-09-01 10:10:00,350.445
2020-09-01 10:20:00,350.635
2020-09-01 10:30:00,351.395
2020-09-01 10:40:00,351.21
2020-09-01 10:50:00,351.05
2020-09-01 11:00:00,350.68
2020-09-01 11:10:00,350.84
2020-09-01 11:20:00,350.98
2020-09-01 11:30:00,350.79
2020-09-01 11:40:00,350.86
2020-09-01 11:50:00,350.92
2020-09-01 12:00:00,350.7601
2020-09-01 12:10:00,351.04
2020-09-01 12:20:00,351.13
2020-09-01 12:30:00,350.955
2020-09-01 12:40:00,350.95
2020-09-01 12:50:00,350.92
2020-09-01 13:00:00,351.201
2020-09-01 13:10:00,351.0001
2020-09-01 13:20:00,350.985
2020-09-01 13:30:00,351.0
2020-09-01 13:40:00,351.195
2020-09-01 13:50:00,351.46
2020-09-01 14:00:00,351.335
2020-09-01 14:10:00,351.435
2020-09-01 14:20:00,351.6099
2020-09-01 14:30:00,351.73
2020-09-01 14:40:00,351.78
2020-09-01 14:50:00,351.74
2020-09-01 15:00:00,351.83
2020-09-01 15:10:00,351.83
2020-09-01 15:20:00,351.63
2020-09-01 15:30:00,351.52
2020-09-01 15:40:00,351.59
2020-09-01 15:50:00,351.66
2020-09-01 16:00:00,352.62
2020-09-02 09:30:00,352.6
2020-09-02 09:40:00,354.18
2020-09-02 09:50:00,354.17
2020-09-02 10:00:00,353.79
2020-09-02 10:10:00,353.7
2020-09-02 10:20:00,354.51
2020-09-02 10:30:00,354.97
2020-09-02 10:40:00,354.715
2020-09-02 10:50:00,354.76
2020-09-02 11:00:00,354.93
2020-09-02 11:10:00,354.53
2020-09-02 11:20:00,354.53
2020-09-02 11:30:00,354.43
2020-09-02 11:40:00,353.76
2020-09-02 11:50:00,354.35
2020-09-02 12:00:00,354.77
2020-09-02 12:10:00,354.87
2020-09-02 12:20:00,355.37
2020-09-02 12:30:00,355.45
2020-09-02 12:40:00,355.565
2020-09-02 12:50:00,355.588
2020-09-02 13:00:00,355.56
2020-09-02 13:10:00,355.56
2020-09-02 13:20:00,356.23
2020-09-02 13:30:00,356.46
2020-09-02 13:40:00,356.64
2020-09-02 13:50:00,356.5001
2020-09-02 14:00:00,356.45
2020-09-02 14:10:00,356.29
2020-09-02 14:20:00,356.37
2020-09-02 14:30:00,356.53
2020-09-02 14:40:00,356.485
2020-09-02 14:50:00,356.77
2020-09-02 15:00:00,356.76
2020-09-02 15:10:00,356.95
2020-09-02 15:20:00,357.74
2020-09-02 15:30:00,357.66
2020-09-02 15:40:00,358.05
2020-09-02 15:50:00,358.665
2020-09-02 16:00:00,357.68
2020-09-03 09:30:00,357.7
2020-09-03 09:40:00,356.08
2020-09-03 09:50:00,356.09
2020-09-03 10:00:00,355.69
2020-09-03 10:10:00,354.58
2020-09-03 10:20:00,353.695
2020-09-03 10:30:00,352.72
2020-09-03 10:40:00,351.84
2020-09-03 10:50:00,350.44
2020-09-03 11:00:00,351.38
2020-09-03 11:10:00,348.78
2020-09-03 11:20:00,345.45
2020-09-03 11:30:00,347.1433
2020-09-03 11:40:00,348.15
2020-09-03 11:50:00,348.81
2020-09-03 12:00:00,348.05
2020-09-03 12:10:00,348.18
2020-09-03 12:20:00,348.55
2020-09-03 12:30:00,347.51
2020-09-03 12:40:00,347.06
2020-09-03 12:50:00,345.73
2020-09-03 13:00:00,345.645
2020-09-03 13:10:00,345.5802
2020-09-03 13:20:00,345.686
2020-09-03 13:30:00,346.62
2020-09-03 13:40:00,345.15
2020-09-03 13:50:00,344.7701
2020-09-03 14:00:00,345.61
2020-09-03 14:10:00,345.735
2020-09-03 14:20:00,345.04
2020-09-03 14:30:00,345.52
2020-09-03 14:40:00,346.24
2020-09-03 14:50:00,345.23
2020-09-03 15:00:00,344.0077
2020-09-03 15:10:00,343.75
2020-09-03 15:20:00,343.99
2020-09-03 15:30:00,342.91
2020-09-03 15:40:00,344.04
2020-09-03 15:50:00,343.572
2020-09-03 16:00:00,345.59
2020-09-04 09:30:00,345.39
2020-09-04 09:40:00,346.4923
2020-09-04 09:50:00,345.0
2020-09-04 10:00:00,343.57
2020-09-04 10:10:00,343.8
2020-09-04 10:20:00,340.34
2020-09-04 10:30:00,339.17
2020-09-04 10:40:00,337.74
2020-09-04 10:50:00,337.39
2020-09-04 11:00:00,338.46
2020-09-04 11:10:00,337.1
2020-09-04 11:20:00,337.66
2020-09-04 11:30:00,336.4
2020-09-04 11:40:00,338.12
2020-09-04 11:50:00,337.61
2020-09-04 12:00:00,339.21
2020-09-04 12:10:00,338.58
2020-09-04 12:20:00,338.41
2020-09-04 12:30:00,340.51
2020-09-04 12:40:00,341.0131
2020-09-04 12:50:00,340.74
2020-09-04 13:00:00,340.89
2020-09-04 13:10:00,339.98
2020-09-04 13:20:00,338.64
2020-09-04 13:30:00,339.3404
2020-09-04 13:40:00,339.704
2020-09-04 13:50:00,339.97
2020-09-04 14:00:00,340.4
2020-09-04 14:10:00,340.18
2020-09-04 14:20:00,340.49
2020-09-04 14:30:00,341.48
2020-09-04 14:40:00,342.8
2020-09-04 14:50:00,343.52
2020-09-04 15:00:00,344.53
2020-09-04 15:10:00,344.5
2020-09-04 15:20:00,344.57
2020-09-04 15:30:00,345.07
2020-09-04 15:40:00,343.26
2020-09-04 15:50:00,342.5
2020-09-04 16:00:00,342.68
2020-09-07 09:30:00,342.57
2020-09-07 09:40:00,342.57
2020-09-07 09:50:00,342.57
2020-09-07 10:00:00,342.57
2020-09-07 10:10:00,342.57
2020-09-07 10:20:00,342.57
2020-09-07 10:30:00,342.57
2020-09-07 10:40:00,342.57
2020-09-07 10:50:00,342.57
2020-09-07 11:00:00,342.57
2020-09-07 11:10:00,342.57
2020-09-07 11:20:00,342.57
2020-09-07 11:30:00,342.57
2020-09-07 11:40:00,342.57
2020-09-07 11:50:00,342.57
2020-09-07 12:00:00,342.57
2020-09-07 12:10:00,342.57
2020-09-07 12:20:00,342.57
2020-09-07 12:30:00,342.57
2020-09-07 12:40:00,342.57
2020-09-07 12:50:00,342.57
2020-09-07 13:00:00,342.57
2020-09-07 13:10:00,342.57
2020-09-07 13:20:00,342.57
2020-09-07 13:30:00,342.57
2020-09-07 13:40:00,342.57
2020-09-07 13:50:00,342.57
2020-09-07 14:00:00,342.57
2020-09-07 14:10:00,342.57
2020-09-07 14:20:00,342.57
2020-09-07 14:30:00,342.57
2020-09-07 14:40:00,342.57
2020-09-07 14:50:00,342.57
2020-09-07 15:00:00,342.57
2020-09-07 15:10:00,342.57
2020-09-07 15:20:00,342.57
2020-09-07 15:30:00,342.57
2020-09-07 15:40:00,342.57
2020-09-07 15:50:00,342.57
2020-09-07 16:00:00,342.57
2020-09-08 09:30:00,342.57
2020-09-08 09:40:00,336.34
2020-09-08 09:50:00,334.29
2020-09-08 10:00:00,336.7174
2020-09-08 10:10:00,336.44
2020-09-08 10:20:00,336.57
2020-09-08 10:30:00,337.44
2020-09-08 10:40:00,337.7899
2020-09-08 10:50:00,335.32
2020-09-08 11:00:00,335.85
2020-09-08 11:10:00,336.77
2020-09-08 11:20:00,337.3
2020-09-08 11:30:00,336.45
2020-09-08 11:40:00,335.36
2020-09-08 11:50:00,335.385
2020-09-08 12:00:00,335.49
2020-09-08 12:10:00,335.98
2020-09-08 12:20:00,336.0
2020-09-08 12:30:00,335.83
2020-09-08 12:40:00,335.97
2020-09-08 12:50:00,336.78
2020-09-08 13:00:00,336.77
2020-09-08 13:10:00,336.14
2020-09-08 13:20:00,337.17
2020-09-08 13:30:00,336.89
2020-09-08 13:40:00,337.25
2020-09-08 13:50:00,337.48
2020-09-08 14:00:00,337.1701
2020-09-08 14:10:00,336.79
2020-09-08 14:20:00,335.92
2020-09-08 14:30:00,335.41
2020-09-08 14:40:00,334.44
2020-09-08 14:50:00,333.8
2020-09-08 15:00:00,334.5
2020-09-08 15:10:00,333.4577
2020-09-08 15:20:00,334.05
2020-09-08 15:30:00,335.0
2020-09-08 15:40:00,334.75
2020-09-08 15:50:00,334.42
2020-09-08 16:00:00,333.14
2020-09-09 09:30:00,337.6297
2020-09-09 09:40:00,336.71
2020-09-09 09:50:00,337.01
2020-09-09 10:00:00,338.13
2020-09-09 10:10:00,338.225
2020-09-09 10:20:00,338.865
2020-09-09 10:30:00,339.6
2020-09-09 10:40:00,339.66
2020-09-09 10:50:00,339.3018
2020-09-09 11:00:00,339.34
2020-09-09 11:10:00,339.3299
2020-09-09 11:20:00,339.3036
2020-09-09 11:30:00,340.0282
2020-09-09 11:40:00,340.14
2020-09-09 11:50:00,340.395
2020-09-09 12:00:00,340.2698
2020-09-09 12:10:00,340.54
2020-09-09 12:20:00,340.785
2020-09-09 12:30:00,340.55
2020-09-09 12:40:00,340.99
2020-09-09 12:50:00,341.195
2020-09-09 13:00:00,341.15
2020-09-09 13:10:00,341.9901
2020-09-09 13:20:00,341.57
2020-09-09 13:30:00,341.76
2020-09-09 13:40:00,341.9
2020-09-09 13:50:00,341.5
2020-09-09 14:00:00,341.14
2020-09-09 14:10:00,341.28
2020-09-09 14:20:00,341.43
2020-09-09 14:30:00,340.98
2020-09-09 14:40:00,341.81
2020-09-09 14:50:00,341.58
2020-09-09 15:00:00,341.68
2020-09-09 15:10:00,342.18
2020-09-09 15:20:00,342.17
2020-09-09 15:30:00,342.25
2020-09-09 15:40:00,341.175
2020-09-09 15:50:00,340.8
2020-09-09 16:00:00,339.9
2020-09-10 09:30:00,341.73
2020-09-10 09:40:00,341.97
2020-09-10 09:50:00,341.77
2020-09-10 10:00:00,341.64
2020-09-10 10:10:00,342.19
2020-09-10 10:20:00,342.35
2020-09-10 10:30:00,341.42
2020-09-10 10:40:00,342.09
2020-09-10 10:50:00,340.2199
2020-09-10 11:00:00,338.76
2020-09-10 11:10:00,339.73
2020-09-10 11:20:00,339.83
2020-09-10 11:30:00,340.81
2020-09-10 11:40:00,340.425
2020-09-10 11:50:00,340.737
2020-09-10 12:00:00,339.44
2020-09-10 12:10:00,339.3964
2020-09-10 12:20:00,339.265
2020-09-10 12:30:00,338.79
2020-09-10 12:40:00,337.5
2020-09-10 12:50:00,337.67
2020-09-10 13:00:00,338.4959
2020-09-10 13:10:00,339.1
2020-09-10 13:20:00,339.59
2020-09-10 13:30:00,338.521
2020-09-10 13:40:00,338.4
2020-09-10 13:50:00,338.4
2020-09-10 14:00:00,337.74
2020-09-10 14:10:00,338.01
2020-09-10 14:20:00,336.81
2020-09-10 14:30:00,334.37
2020-09-10 14:40:00,335.535
2020-09-10 14:50:00,335.71
2020-09-10 15:00:00,336.07
2020-09-10 15:10:00,334.27
2020-09-10 15:20:00,333.32
2020-09-10 15:30:00,333.97
2020-09-10 15:40:00,334.45
2020-09-10 15:50:00,333.76
2020-09-10 16:00:00,333.69
2020-09-11 09:30:00,333.89
2020-09-11 09:40:00,335.28
2020-09-11 09:50:00,336.0
2020-09-11 10:00:00,334.0
2020-09-11 10:10:00,334.58
2020-09-11 10:20:00,335.42
2020-09-11 10:30:00,335.61
2020-09-11 10:40:00,335.07
2020-09-11 10:50:00,336.3501
2020-09-11 11:00:00,335.73
2020-09-11 11:10:00,336.93
2020-09-11 11:20:00,336.66
2020-09-11 11:30:00,335.43
2020-09-11 11:40:00,335.17
2020-09-11 11:50:00,335.22
2020-09-11 12:00:00,334.73
2020-09-11 12:10:00,335.35
2020-09-11 12:20:00,335.43
2020-09-11 12:30:00,335.17
2020-09-11 12:40:00,334.19
2020-09-11 12:50:00,334.07
2020-09-11 13:00:00,333.19
2020-09-11 13:10:00,332.515
2020-09-11 13:20:00,332.53
2020-09-11 13:30:00,331.66
2020-09-11 13:40:00,331.96
2020-09-11 13:50:00,332.32
2020-09-11 14:00:00,331.515
2020-09-11 14:10:00,332.48
2020-09-11 14:20:00,332.74
2020-09-11 14:30:00,332.47
2020-09-11 14:40:00,333.87
2020-09-11 14:50:00,333.624
2020-09-11 15:00:00,333.6
2020-09-11 15:10:00,332.61
2020-09-11 15:20:00,333.85
2020-09-11 15:30:00,334.77
2020-09-11 15:40:00,334.29
2020-09-11 15:50:00,334.15
2020-09-11 16:00:00,334.17
2020-09-14 09:30:00,334.06
2020-09-14 09:40:00,337.655
2020-09-14 09:50:00,338.8
2020-09-14 10:00:00,338.92
2020-09-14 10:10:00,339.645
2020-09-14 10:20:00,340.04
2020-09-14 10:30:00,340.22
2020-09-14 10:40:00,339.615
2020-09-14 10:50:00,339.695
2020-09-14 11:00:00,339.7
2020-09-14 11:10:00,339.74
2020-09-14 11:20:00,339.45
2020-09-14 11:30:00,339.8
2020-09-14 11:40:00,340.0898
2020-09-14 11:50:00,339.68
2020-09-14 12:00:00,339.721
2020-09-14 12:10:00,340.03
2020-09-14 12:20:00,339.71
2020-09-14 12:30:00,339.74
2020-09-14 12:40:00,339.52
2020-09-14 12:50:00,339.48
2020-09-14 13:00:00,339.58
2020-09-14 13:10:00,338.97
2020-09-14 13:20:00,338.4497
2020-09-14 13:30:00,338.755
2020-09-14 13:40:00,338.4
2020-09-14 13:50:00,338.755
2020-09-14 14:00:00,338.89
2020-09-14 14:10:00,339.29
2020-09-14 14:20:00,339.18
2020-09-14 14:30:00,338.87
2020-09-14 14:40:00,338.74
2020-09-14 14:50:00,338.73
2020-09-14 15:00:00,338.67
2020-09-14 15:10:00,338.56
2020-09-14 15:20:00,338.52
2020-09-14 15:30:00,338.32
2020-09-14 15:40:00,338.82
2020-09-14 15:50:00,339.56
2020-09-14 16:00:00,338.37
2020-09-15 09:30:00,341.22
2020-09-15 09:40:00,341.7
2020-09-15 09:50:00,341.33
2020-09-15 10:00:00,341.66
2020-09-15 10:10:00,341.68
2020-09-15 10:20:00,341.5
2020-09-15 10:30:00,341.35
2020-09-15 10:40:00,341.26
2020-09-15 10:50:00,341.27
2020-09-15 11:00:00,341.49
2020-09-15 11:10:00,341.8
2020-09-15 11:20:00,341.6397
2020-09-15 11:30:00,341.59
2020-09-15 11:40:00,341.75
2020-09-15 11:50:00,341.5118
2020-09-15 12:00:00,341.295
2020-09-15 12:10:00,341.409
2020-09-15 12:20:00,341.57
2020-09-15 12:30:00,341.59
2020-09-15 12:40:00,341.64
2020-09-15 12:50:00,341.5882
2020-09-15 13:00:00,341.69
2020-09-15 13:10:00,341.8
2020-09-15 13:20:00,341.77
2020-09-15 13:30:00,341.5
2020-09-15 13:40:00,341.56
2020-09-15 13:50:00,341.48
2020-09-15 14:00:00,341.1999
2020-09-15 14:10:00,340.555
2020-09-15 14:20:00,340.75
2020-09-15 14:30:00,340.81
2020-09-15 14:40:00,340.68
2020-09-15 14:50:00,340.94
2020-09-15 15:00:00,340.85
2020-09-15 15:10:00,339.87
2020-09-15 15:20:00,339.96
2020-09-15 15:30:00,340.008
2020-09-15 15:40:00,339.26
2020-09-15 15:50:00,339.83
2020-09-15 16:00:00,340.13
2020-09-16 09:30:00,341.54
2020-09-16 09:40:00,341.57
2020-09-16 09:50:00,340.99
2020-09-16 10:00:00,341.425
2020-09-16 10:10:00,341.54
2020-09-16 10:20:00,341.29
2020-09-16 10:30:00,341.1
2020-09-16 10:40:00,340.91
2020-09-16 10:50:00,340.49
2020-09-16 11:00:00,341.0242
2020-09-16 11:10:00,341.56
2020-09-16 11:20:00,342.1794
2020-09-16 11:30:00,342.2
2020-09-16 11:40:00,342.045
2020-09-16 11:50:00,341.98
2020-09-16 12:00:00,341.68
2020-09-16 12:10:00,341.73
2020-09-16 12:20:00,341.43
2020-09-16 12:30:00,341.57
2020-09-16 12:40:00,341.49
2020-09-16 12:50:00,341.06
2020-09-16 13:00:00,341.195
2020-09-16 13:10:00,341.085
2020-09-16 13:20:00,341.06
2020-09-16 13:30:00,340.73
2020-09-16 13:40:00,340.58
2020-09-16 13:50:00,340.79
2020-09-16 14:00:00,341.14
2020-09-16 14:10:00,341.276
2020-09-16 14:20:00,342.29
2020-09-16 14:30:00,342.374
2020-09-16 14:40:00,342.9611
2020-09-16 14:50:00,342.26
2020-09-16 15:00:00,341.56
2020-09-16 15:10:00,340.53
2020-09-16 15:20:00,340.3022
2020-09-16 15:30:00,339.6225
2020-09-16 15:40:00,339.26
2020-09-16 15:50:00,340.17
2020-09-16 16:00:00,338.79
2020-09-17 09:30:00,338.82
2020-09-17 09:40:00,334.08
2020-09-17 09:50:00,333.95
2020-09-17 10:00:00,335.079
2020-09-17 10:10:00,335.95
2020-09-17 10:20:00,336.07
2020-09-17 10:30:00,335.7099
2020-09-17 10:40:00,336.04
2020-09-17 10:50:00,336.855
2020-09-17 11:00:00,336.46
2020-09-17 11:10:00,337.36
2020-09-17 11:20:00,337.0561
2020-09-17 11:30:00,336.7378
2020-09-17 11:40:00,336.49
2020-09-17 11:50:00,335.61
2020-09-17 12:00:00,335.18
2020-09-17 12:10:00,334.6499
2020-09-17 12:20:00,333.5299
2020-09-17 12:30:00,333.73
2020-09-17 12:40:00,334.03
2020-09-17 12:50:00,333.56
2020-09-17 13:00:00,334.44
2020-09-17 13:10:00,334.4
2020-09-17 13:20:00,333.73
2020-09-17 13:30:00,334.08
2020-09-17 13:40:00,334.4347
2020-09-17 13:50:00,334.87
2020-09-17 14:00:00,334.34
2020-09-17 14:10:00,334.95
2020-09-17 14:20:00,334.96
2020-09-17 14:30:00,333.94
2020-09-17 14:40:00,333.46
2020-09-17 14:50:00,334.06
2020-09-17 15:00:00,334.02
2020-09-17 15:10:00,333.61
2020-09-17 15:20:00,334.11
2020-09-17 15:30:00,333.72
2020-09-17 15:40:00,335.25
2020-09-17 15:50:00,335.42
2020-09-17 16:00:00,335.88
2020-09-18 09:30:00,335.44
2020-09-18 09:40:00,334.58
2020-09-18 09:50:00,333.58
2020-09-18 10:00:00,333.92
2020-09-18 10:10:00,334.5053
2020-09-18 10:20:00,334.5382
2020-09-18 10:30:00,334.38
2020-09-18 10:40:00,333.69
2020-09-18 10:50:00,333.54
2020-09-18 11:00:00,332.78
2020-09-18 11:10:00,333.21
2020-09-18 11:20:00,332.28
2020-09-18 11:30:00,332.86
2020-09-18 11:40:00,332.42
2020-09-18 11:50:00,333.16
2020-09-18 12:00:00,332.99
2020-09-18 12:10:00,333.14
2020-09-18 12:20:00,332.0964
2020-09-18 12:30:00,332.15
2020-09-18 12:40:00,331.35
2020-09-18 12:50:00,330.839
2020-09-18 13:00:00,330.905
2020-09-18 13:10:00,330.401
2020-09-18 13:20:00,330.36
2020-09-18 13:30:00,329.09
2020-09-18 13:40:00,329.005
2020-09-18 13:50:00,329.4
2020-09-18 14:00:00,329.97
2020-09-18 14:10:00,329.79
2020-09-18 14:20:00,329.1757
2020-09-18 14:30:00,330.041
2020-09-18 14:40:00,330.11
2020-09-18 14:50:00,330.16
2020-09-18 15:00:00,330.53
2020-09-18 15:10:00,330.7918
2020-09-18 15:20:00,330.73
2020-09-18 15:30:00,331.23
2020-09-18 15:40:00,331.41
2020-09-18 15:50:00,331.35
2020-09-18 16:00:00,330.61
2020-09-21 09:30:00,330.65
2020-09-21 09:40:00,324.34
2020-09-21 09:50:00,325.25
2020-09-21 10:00:00,325.05
2020-09-21 10:10:00,324.09
2020-09-21 10:20:00,323.3
2020-09-21 10:30:00,322.76
2020-09-21 10:40:00,322.0
2020-09-21 10:50:00,322.79
2020-09-21 11:00:00,322.6
2020-09-21 11:10:00,323.73
2020-09-21 11:20:00,322.31
2020-09-21 11:30:00,322.49
2020-09-21 11:40:00,322.29
2020-09-21 11:50:00,323.25
2020-09-21 12:00:00,323.61
2020-09-21 12:10:00,324.3
2020-09-21 12:20:00,323.975
2020-09-21 12:30:00,324.25
2020-09-21 12:40:00,324.075
2020-09-21 12:50:00,323.59
2020-09-21 13:00:00,323.27
2020-09-21 13:10:00,323.26
2020-09-21 13:20:00,323.77
2020-09-21 13:30:00,324.39
2020-09-21 13:40:00,324.65
2020-09-21 13:50:00,323.82
2020-09-21 14:00:00,323.65
2020-09-21 14:10:00,323.3
2020-09-21 14:20:00,322.93
2020-09-21 14:30:00,323.2
2020-09-21 14:40:00,322.6
2020-09-21 14:50:00,322.3099
2020-09-21 15:00:00,323.41
2020-09-21 15:10:00,324.3247
2020-09-21 15:20:00,324.7664
2020-09-21 15:30:00,325.01
2020-09-21 15:40:00,325.35
2020-09-21 15:50:00,325.29
2020-09-21 16:00:00,326.89
2020-09-22 09:30:00,326.97
2020-09-22 09:40:00,328.72
2020-09-22 09:50:00,327.59
2020-09-22 10:00:00,327.4601
2020-09-22 10:10:00,327.85
2020-09-22 10:20:00,328.46
2020-09-22 10:30:00,328.805
2020-09-22 10:40:00,328.1983
2020-09-22 10:50:00,327.28
2020-09-22 11:00:00,326.3347
2020-09-22 11:10:00,326.207
2020-09-22 11:20:00,327.2
2020-09-22 11:30:00,327.25
2020-09-22 11:40:00,327.03
2020-09-22 11:50:00,327.5267
2020-09-22 12:00:00,327.62
2020-09-22 12:10:00,328.03
2020-09-22 12:20:00,327.89
2020-09-22 12:30:00,328.06
2020-09-22 12:40:00,328.09
2020-09-22 12:50:00,327.6
2020-09-22 13:00:00,327.3
2020-09-22 13:10:00,327.58
2020-09-22 13:20:00,328.06
2020-09-22 13:30:00,328.28
2020-09-22 13:40:00,328.4199
2020-09-22 13:50:00,328.9615
2020-09-22 14:00:00,329.0699
2020-09-22 14:10:00,329.54
2020-09-22 14:20:00,329.81
2020-09-22 14:30:00,329.425
2020-09-22 14:40:00,329.425
2020-09-22 14:50:00,329.28
2020-09-22 15:00:00,329.195
2020-09-22 15:10:00,329.554
2020-09-22 15:20:00,329.59
2020-09-22 15:30:00,330.21
2020-09-22 15:40:00,330.31
2020-09-22 15:50:00,330.56
2020-09-22 16:00:00,330.34
2020-09-23 09:30:00,330.3
2020-09-23 09:40:00,331.045
2020-09-23 09:50:00,331.03
2020-09-23 10:00:00,329.83
2020-09-23 10:10:00,329.39
2020-09-23 10:20:00,329.16
2020-09-23 10:30:00,329.59
2020-09-23 10:40:00,328.78
2020-09-23 10:50:00,329.72
2020-09-23 11:00:00,329.07
2020-09-23 11:10:00,329.48
2020-09-23 11:20:00,329.35
2020-09-23 11:30:00,328.64
2020-09-23 11:40:00,328.7456
2020-09-23 11:50:00,328.02
2020-09-23 12:00:00,327.385
2020-09-23 12:10:00,327.93
2020-09-23 12:20:00,327.598
2020-09-23 12:30:00,327.9
2020-09-23 12:40:00,328.44
2020-09-23 12:50:00,328.5188
2020-09-23 13:00:00,328.665
2020-09-23 13:10:00,328.3301
2020-09-23 13:20:00,328.5293
2020-09-23 13:30:00,327.865
2020-09-23 13:40:00,327.65
2020-09-23 13:50:00,327.422
2020-09-23 14:00:00,327.01
2020-09-23 14:10:00,326.34
2020-09-23 14:20:00,324.85
2020-09-23 14:30:00,324.91
2020-09-23 14:40:00,325.01
2020-09-23 14:50:00,324.28
2020-09-23 15:00:00,323.64
2020-09-23 15:10:00,323.15
2020-09-23 15:20:00,323.5
2020-09-23 15:30:00,323.64
2020-09-23 15:40:00,323.6718
2020-09-23 15:50:00,322.86
2020-09-23 16:00:00,322.52
2020-09-24 09:30:00,321.22
2020-09-24 09:40:00,320.18
2020-09-24 09:50:00,322.3236
2020-09-24 10:00:00,322.22
2020-09-24 10:10:00,324.14
2020-09-24 10:20:00,324.09
2020-09-24 10:30:00,322.655
2020-09-24 10:40:00,321.32
2020-09-24 10:50:00,322.4
2020-09-24 11:00:00,323.15
2020-09-24 11:10:00,322.06
2020-09-24 11:20:00,322.345
2020-09-24 11:30:00,323.1
2020-09-24 11:40:00,323.7
2020-09-24 11:50:00,323.49
2020-09-24 12:00:00,324.561
2020-09-24 12:10:00,325.0988
2020-09-24 12:20:00,324.6755
2020-09-24 12:30:00,324.78
2020-09-24 12:40:00,323.64
2020-09-24 12:50:00,324.31
2020-09-24 13:00:00,325.08
2020-09-24 13:10:00,325.39
2020-09-24 13:20:00,325.685
2020-09-24 13:30:00,326.3
2020-09-24 13:40:00,326.51
2020-09-24 13:50:00,326.34
2020-09-24 14:00:00,325.7399
2020-09-24 14:10:00,325.7
2020-09-24 14:20:00,324.685
2020-09-24 14:30:00,324.62
2020-09-24 14:40:00,325.06
2020-09-24 14:50:00,324.12
2020-09-24 15:00:00,322.97
2020-09-24 15:10:00,322.97
2020-09-24 15:20:00,323.0545
2020-09-24 15:30:00,322.15
2020-09-24 15:40:00,323.325
2020-09-24 15:50:00,323.17
2020-09-24 16:00:00,323.42
2020-09-25 09:30:00,323.5
2020-09-25 09:40:00,322.57
2020-09-25 09:50:00,322.675
2020-09-25 10:00:00,323.52
2020-09-25 10:10:00,323.055
2020-09-25 10:20:00,322.96
2020-09-25 10:30:00,324.06
2020-09-25 10:40:00,324.6101
2020-09-25 10:50:00,324.49
2020-09-25 11:00:00,324.82
2020-09-25 11:10:00,324.5501
2020-09-25 11:20:00,325.65
2020-09-25 11:30:00,325.42
2020-09-25 11:40:00,325.29
2020-09-25 11:50:00,324.49
2020-09-25 12:00:00,324.33
2020-09-25 12:10:00,325.55
2020-09-25 12:20:00,325.2194
2020-09-25 12:30:00,325.065
2020-09-25 12:40:00,325.2673
2020-09-25 12:50:00,325.28
2020-09-25 13:00:00,325.68
2020-09-25 13:10:00,326.09
2020-09-25 13:20:00,325.93
2020-09-25 13:30:00,326.209
2020-09-25 13:40:00,326.26
2020-09-25 13:50:00,326.93
2020-09-25 14:00:00,326.92
2020-09-25 14:10:00,327.27
2020-09-25 14:20:00,327.6911
2020-09-25 14:30:00,327.59
2020-09-25 14:40:00,327.5482
2020-09-25 14:50:00,327.55
2020-09-25 15:00:00,328.09
2020-09-25 15:10:00,328.95
2020-09-25 15:20:00,329.44
2020-09-25 15:30:00,329.3
2020-09-25 15:40:00,328.32
2020-09-25 15:50:00,328.58
2020-09-25 16:00:00,328.69
2020-09-28 09:30:00,328.73
2020-09-28 09:40:00,333.125
2020-09-28 09:50:00,332.6555
2020-09-28 10:00:00,332.75
2020-09-28 10:10:00,332.48
2020-09-28 10:20:00,333.76
2020-09-28 10:30:00,333.98
2020-09-28 10:40:00,333.63
2020-09-28 10:50:00,333.235
2020-09-28 11:00:00,333.119
2020-09-28 11:10:00,333.58
2020-09-28 11:20:00,333.7
2020-09-28 11:30:00,333.72
2020-09-28 11:40:00,334.255
2020-09-28 11:50:00,333.87
2020-09-28 12:00:00,333.7
2020-09-28 12:10:00,333.63
2020-09-28 12:20:00,333.25
2020-09-28 12:30:00,333.48
2020-09-28 12:40:00,333.57
2020-09-28 12:50:00,334.055
2020-09-28 13:00:00,334.18
2020-09-28 13:10:00,333.885
2020-09-28 13:20:00,334.09
2020-09-28 13:30:00,334.24
2020-09-28 13:40:00,334.655
2020-09-28 13:50:00,334.665
2020-09-28 14:00:00,334.6274
2020-09-28 14:10:00,334.44
2020-09-28 14:20:00,334.68
2020-09-28 14:30:00,334.5
2020-09-28 14:40:00,334.73
2020-09-28 14:50:00,334.64
2020-09-28 15:00:00,334.78
2020-09-28 15:10:00,334.21
2020-09-28 15:20:00,334.3682
2020-09-28 15:30:00,334.6
2020-09-28 15:40:00,333.945
2020-09-28 15:50:00,333.8
2020-09-28 16:00:00,334.12
2020-09-29 09:30:00,334.19
2020-09-29 09:40:00,334.13
2020-09-29 09:50:00,334.18
2020-09-29 10:00:00,333.88
2020-09-29 10:10:00,334.38
2020-09-29 10:20:00,334.59
2020-09-29 10:30:00,334.41
2020-09-29 10:40:00,333.3299
2020-09-29 10:50:00,333.025
2020-09-29 11:00:00,332.96
2020-09-29 11:10:00,332.73
2020-09-29 11:20:00,332.82
2020-09-29 11:30:00,332.871
2020-09-29 11:40:00,333.2545
2020-09-29 11:50:00,331.91
2020-09-29 12:00:00,332.15
2020-09-29 12:10:00,332.23
2020-09-29 12:20:00,332.14
2020-09-29 12:30:00,332.1801
2020-09-29 12:40:00,332.4
2020-09-29 12:50:00,332.55
2020-09-29 13:00:00,332.69
2020-09-29 13:10:00,331.94
2020-09-29 13:20:00,332.18
2020-09-29 13:30:00,332.6
2020-09-29 13:40:00,332.65
2020-09-29 13:50:00,332.79
2020-09-29 14:00:00,333.26
2020-09-29 14:10:00,333.13
2020-09-29 14:20:00,333.38
2020-09-29 14:30:00,333.57
2020-09-29 14:40:00,333.649
2020-09-29 14:50:00,333.57
2020-09-29 15:00:00,333.33
2020-09-29 15:10:00,333.36
2020-09-29 15:20:00,333.67
2020-09-29 15:30:00,333.12
2020-09-29 15:40:00,332.7089
2020-09-29 15:50:00,333.11
2020-09-29 16:00:00,332.41
2020-09-30 09:30:00,333.17
2020-09-30 09:40:00,333.9
2020-09-30 09:50:00,334.31
2020-09-30 10:00:00,335.06
2020-09-30 10:10:00,335.59
2020-09-30 10:20:00,335.8
2020-09-30 10:30:00,335.88
2020-09-30 10:40:00,336.12
2020-09-30 10:50:00,336.09
2020-09-30 11:00:00,335.87
2020-09-30 11:10:00,336.06
2020-09-30 11:20:00,336.62
2020-09-30 11:30:00,336.84
2020-09-30 11:40:00,336.5
2020-09-30 11:50:00,336.8816
2020-09-30 12:00:00,336.86
2020-09-30 12:10:00,337.03
2020-09-30 12:20:00,337.16
2020-09-30 12:30:00,337.41
2020-09-30 12:40:00,337.105
2020-09-30 12:50:00,337.04
2020-09-30 13:00:00,337.09
2020-09-30 13:10:00,336.32
2020-09-30 13:20:00,336.59
2020-09-30 13:30:00,336.63
2020-09-30 13:40:00,337.27
2020-09-30 13:50:00,337.4
2020-09-30 14:00:00,337.5296
2020-09-30 14:10:00,338.105
2020-09-30 14:20:00,337.878
2020-09-30 14:30:00,336.38
2020-09-30 14:40:00,335.67
2020-09-30 14:50:00,334.36
2020-09-30 15:00:00,335.895
2020-09-30 15:10:00,335.86
2020-09-30 15:20:00,333.56
2020-09-30 15:30:00,334.21
2020-09-30 15:40:00,334.16
2020-09-30 15:50:00,335.59
2020-09-30 16:00:00,335.435
2020-10-01 09:30:00,334.89
2020-10-01 09:40:00,338.09
2020-10-01 09:50:00,337.71
2020-10-01 10:00:00,336.777
2020-10-01 10:10:00,336.11
2020-10-01 10:20:00,336.33
2020-10-01 10:30:00,336.21
2020-10-01 10:40:00,337.31
2020-10-01 10:50:00,336.6695
2020-10-01 11:00:00,336.66
2020-10-01 11:10:00,336.305
2020-10-01 11:20:00,336.55
2020-10-01 11:30:00,337.16
2020-10-01 11:40:00,337.27
2020-10-01 11:50:00,336.8951
2020-10-01 12:00:00,337.22
2020-10-01 12:10:00,336.69
2020-10-01 12:20:00,336.59
2020-10-01 12:30:00,337.15
2020-10-01 12:40:00,337.0989
2020-10-01 12:50:00,337.265
2020-10-01 13:00:00,337.13
2020-10-01 13:10:00,337.58
2020-10-01 13:20:00,337.1
2020-10-01 13:30:00,336.82
2020-10-01 13:40:00,337.05
2020-10-01 13:50:00,336.81
2020-10-01 14:00:00,336.22
2020-10-01 14:10:00,335.33
2020-10-01 14:20:00,335.41
2020-10-01 14:30:00,336.28
2020-10-01 14:40:00,336.6639
2020-10-01 14:50:00,336.66
2020-10-01 15:00:00,336.96
2020-10-01 15:10:00,336.895
2020-10-01 15:20:00,336.4
2020-10-01 15:30:00,336.075
2020-10-01 15:40:00,336.25
2020-10-01 15:50:00,336.16
2020-10-01 16:00:00,337.01
2020-10-02 09:30:00,337.04
2020-10-02 09:40:00,334.23
2020-10-02 09:50:00,334.21
2020-10-02 10:00:00,334.05
2020-10-02 10:10:00,335.11
2020-10-02 10:20:00,334.74
2020-10-02 10:30:00,335.0
2020-10-02 10:40:00,334.0901
2020-10-02 10:50:00,334.27
2020-10-02 11:00:00,334.605
2020-10-02 11:10:00,334.53
2020-10-02 11:20:00,335.1099
2020-10-02 11:30:00,334.77
2020-10-02 11:40:00,333.84
2020-10-02 11:50:00,334.23
2020-10-02 12:00:00,332.79
2020-10-02 12:10:00,333.435
2020-10-02 12:20:00,335.425
2020-10-02 12:30:00,335.1
2020-10-02 12:40:00,335.77
2020-10-02 12:50:00,335.48
2020-10-02 13:00:00,335.433
2020-10-02 13:10:00,335.15
2020-10-02 13:20:00,335.27
2020-10-02 13:30:00,335.63
2020-10-02 13:40:00,335.33
2020-10-02 13:50:00,334.21
2020-10-02 14:00:00,334.49
2020-10-02 14:10:00,335.4601
2020-10-02 14:20:00,335.39
2020-10-02 14:30:00,335.31
2020-10-02 14:40:00,334.965
2020-10-02 14:50:00,335.0401
2020-10-02 15:00:00,335.2299
2020-10-02 15:10:00,334.89
2020-10-02 15:20:00,334.86
2020-10-02 15:30:00,334.96
2020-10-02 15:40:00,335.23
2020-10-02 15:50:00,334.78
2020-10-02 16:00:00,333.83
2020-10-05 09:30:00,333.84
2020-10-05 09:40:00,336.85
2020-10-05 09:50:00,336.725
2020-10-05 10:00:00,336.57
2020-10-05 10:10:00,337.21
2020-10-05 10:20:00,337.67
2020-10-05 10:30:00,337.64
2020-10-05 10:40:00,338.11
2020-10-05 10:50:00,338.5199
2020-10-05 11:00:00,338.26
2020-10-05 11:10:00,338.32
2020-10-05 11:20:00,338.72
2020-10-05 11:30:00,338.52
2020-10-05 11:40:00,338.21
2020-10-05 11:50:00,338.32
2020-10-05 12:00:00,338.42
2020-10-05 12:10:00,338.39
2020-10-05 12:20:00,338.44
2020-10-05 12:30:00,338.57
2020-10-05 12:40:00,338.62
2020-10-05 12:50:00,338.505
2020-10-05 13:00:00,338.61
2020-10-05 13:10:00,338.54
2020-10-05 13:20:00,338.521
2020-10-05 13:30:00,338.465
2020-10-05 13:40:00,338.43
2020-10-05 13:50:00,338.11
2020-10-05 14:00:00,337.85
2020-10-05 14:10:00,337.84
2020-10-05 14:20:00,338.085
2020-10-05 14:30:00,337.994
2020-10-05 14:40:00,338.495
2020-10-05 14:50:00,338.49
2020-10-05 15:00:00,339.1717
2020-10-05 15:10:00,339.42
2020-10-05 15:20:00,339.65
2020-10-05 15:30:00,339.85
2020-10-05 15:40:00,339.605
2020-10-05 15:50:00,339.59
2020-10-05 16:00:00,339.87
2020-10-06 09:30:00,339.76
2020-10-06 09:40:00,339.76
2020-10-06 09:50:00,339.76
2020-10-06 10:00:00,339.76
2020-10-06 10:10:00,339.76
2020-10-06 10:20:00,339.76
2020-10-06 10:30:00,339.76
2020-10-06 10:40:00,339.76
2020-10-06 10:50:00,339.76
2020-10-06 11:00:00,339.76
2020-10-06 11:10:00,339.76
2020-10-06 11:20:00,339.76
2020-10-06 11:30:00,339.76
2020-10-06 11:40:00,339.76
2020-10-06 11:50:00,339.76
2020-10-06 12:00:00,339.76
2020-10-06 12:10:00,339.76
2020-10-06 12:20:00,339.76
2020-10-06 12:30:00,339.76
2020-10-06 12:40:00,339.76
2020-10-06 12:50:00,339.76
2020-10-06 13:00:00,339.76
2020-10-06 13:10:00,339.76
2020-10-06 13:20:00,339.76
2020-10-06 13:30:00,339.76
2020-10-06 13:40:00,339.76
2020-10-06 13:50:00,339.76
2020-10-06 14:00:00,339.76
2020-10-06 14:10:00,339.76
2020-10-06 14:20:00,339.76
2020-10-06 14:30:00,339.76
2020-10-06 14:40:00,339.76
2020-10-06 14:50:00,339.76
2020-10-06 15:00:00,339.76
2020-10-06 15:10:00,339.76
2020-10-06 15:20:00,339.76
2020-10-06 15:30:00,339.76
2020-10-06 15:40:00,339.76
2020-10-06 15:50:00,339.76
2020-10-06 16:00:00,339.76
2020-10-07 09:30:00,339.76
2020-10-07 09:40:00,339.76
2020-10-07 09:50:00,339.76
2020-10-07 10:00:00,339.76
2020-10-07 10:10:00,339.76
2020-10-07 10:20:00,339.76
2020-10-07 10:30:00,339.76
2020-10-07 10:40:00,339.76
2020-10-07 10:50:00,339.76
2020-10-07 11:00:00,339.76
2020-10-07 11:10:00,339.76
2020-10-07 11:20:00,339.76
2020-10-07 11:30:00,339.76
2020-10-07 11:40:00,339.76
2020-10-07 11:50:00,339.76
2020-10-07 12:00:00,339.45
2020-10-07 12:10:00,339.2889
2020-10-07 12:20:00,339.46
2020-10-07 12:30:00,339.0433
2020-10-07 12:40:00,339.36
2020-10-07 12:50:00,339.47
2020-10-07 13:00:00,339.58
2020-10-07 13:10:00,339.71
2020-10-07 13:20:00,339.78
2020-10-07 13:30:00,339.78
2020-10-07 13:40:00,339.9034
2020-10-07 13:50:00,340.57
2020-10-07 14:00:00,340.38
2020-10-07 14:10:00,340.43
2020-10-07 14:20:00,340.9001
2020-10-07 14:30:00,341.21
2020-10-07 14:40:00,341.1001
2020-10-07 14:50:00,341.095
2020-10-07 15:00:00,341.24
2020-10-07 15:10:00,341.51
2020-10-07 15:20:00,341.34
2020-10-07 15:30:00,341.305
2020-10-07 15:40:00,341.11
2020-10-07 15:50:00,341.14
2020-10-07 16:00:00,340.84
2020-10-08 09:30:00,340.76
2020-10-08 09:40:00,342.68
2020-10-08 09:50:00,342.375
2020-10-08 10:00:00,343.25
2020-10-08 10:10:00,342.73
2020-10-08 10:20:00,342.785
2020-10-08 10:30:00,342.85
2020-10-08 10:40:00,343.38
2020-10-08 10:50:00,343.19
2020-10-08 11:00:00,343.0501
2020-10-08 11:10:00,343.18
2020-10-08 11:20:00,343.22
2020-10-08 11:30:00,342.71
2020-10-08 11:40:00,342.78
2020-10-08 11:50:00,342.72
2020-10-08 12:00:00,342.4366
2020-10-08 12:10:00,343.15
2020-10-08 12:20:00,343.12
2020-10-08 12:30:00,343.28
2020-10-08 12:40:00,343.42
2020-10-08 12:50:00,343.37
2020-10-08 13:00:00,343.2799
2020-10-08 13:10:00,343.21
2020-10-08 13:20:00,343.03
2020-10-08 13:30:00,343.05
2020-10-08 13:40:00,343.15
2020-10-08 13:50:00,343.11
2020-10-08 14:00:00,342.9134
2020-10-08 14:10:00,343.405
2020-10-08 14:20:00,343.39
2020-10-08 14:30:00,343.39
2020-10-08 14:40:00,343.57
2020-10-08 14:50:00,343.58
2020-10-08 15:00:00,343.49
2020-10-08 15:10:00,343.29
2020-10-08 15:20:00,343.415
2020-10-08 15:30:00,343.61
2020-10-08 15:40:00,343.55
2020-10-08 15:50:00,343.51
2020-10-08 16:00:00,343.75
2020-10-09 09:30:00,343.78
2020-10-09 09:40:00,345.63
2020-10-09 09:50:00,345.62
2020-10-09 10:00:00,345.55
2020-10-09 10:10:00,345.1801
2020-10-09 10:20:00,345.31
2020-10-09 10:30:00,345.0
2020-10-09 10:40:00,345.3518
2020-10-09 10:50:00,345.629
2020-10-09 11:00:00,345.56
2020-10-09 11:10:00,345.77
2020-10-09 11:20:00,345.76
2020-10-09 11:30:00,345.92
2020-10-09 11:40:00,346.11
2020-10-09 11:50:00,346.8999
2020-10-09 12:00:00,346.97
2020-10-09 12:10:00,347.3
2020-10-09 12:20:00,346.99
2020-10-09 12:30:00,346.77
2020-10-09 12:40:00,347.0573
2020-10-09 12:50:00,346.7
2020-10-09 13:00:00,346.67
2020-10-09 13:10:00,346.85
2020-10-09 13:20:00,346.61
2020-10-09 13:30:00,346.505
2020-10-09 13:40:00,346.5855
2020-10-09 13:50:00,346.711
2020-10-09 14:00:00,346.91
2020-10-09 14:10:00,346.62
2020-10-09 14:20:00,346.5
2020-10-09 14:30:00,346.37
2020-10-09 14:40:00,346.18
2020-10-09 14:50:00,346.47
2020-10-09 15:00:00,346.37
2020-10-09 15:10:00,346.41
2020-10-09 15:20:00,346.63
2020-10-09 15:30:00,346.87
2020-10-09 15:40:00,346.38
2020-10-09 15:50:00,346.31
2020-10-09 16:00:00,346.82
2020-10-12 09:30:00,346.85
2020-10-12 09:40:00,349.616
2020-10-12 09:50:00,349.31
2020-10-12 10:00:00,349.41
2020-10-12 10:10:00,349.615
2020-10-12 10:20:00,350.0
2020-10-12 10:30:00,350.1602
2020-10-12 10:40:00,350.2606
2020-10-12 10:50:00,350.36
2020-10-12 11:00:00,350.71
2020-10-12 11:10:00,351.33
2020-10-12 11:20:00,351.71
2020-10-12 11:30:00,351.74
2020-10-12 11:40:00,351.99
2020-10-12 11:50:00,351.71
2020-10-12 12:00:00,351.72
2020-10-12 12:10:00,351.88
2020-10-12 12:20:00,352.29
2020-10-12 12:30:00,352.87
2020-10-12 12:40:00,352.82
2020-10-12 12:50:00,353.27
2020-10-12 13:00:00,352.87
2020-10-12 13:10:00,352.6
2020-10-12 13:20:00,353.24
2020-10-12 13:30:00,353.501
2020-10-12 13:40:00,353.34
2020-10-12 13:50:00,353.31
2020-10-12 14:00:00,353.31
2020-10-12 14:10:00,353.735
2020-10-12 14:20:00,353.64
2020-10-12 14:30:00,353.96
2020-10-12 14:40:00,353.81
2020-10-12 14:50:00,353.73
2020-10-12 15:00:00,353.53
2020-10-12 15:10:00,353.32
2020-10-12 15:20:00,353.1003
2020-10-12 15:30:00,353.37
2020-10-12 15:40:00,352.83
2020-10-12 15:50:00,352.24
2020-10-12 16:00:00,352.38
2020-10-13 09:30:00,352.31
2020-10-13 09:40:00,351.29
2020-10-13 09:50:00,351.8
2020-10-13 10:00:00,351.8301
2020-10-13 10:10:00,351.34
2020-10-13 10:20:00,351.21
2020-10-13 10:30:00,351.34
2020-10-13 10:40:00,351.135
2020-10-13 10:50:00,350.83
2020-10-13 11:00:00,351.3899
2020-10-13 11:10:00,351.43
2020-10-13 11:20:00,351.57
2020-10-13 11:30:00,351.5939
2020-10-13 11:40:00,351.6111
2020-10-13 11:50:00,351.34
2020-10-13 12:00:00,351.4687
2020-10-13 12:10:00,351.375
2020-10-13 12:20:00,351.01
2020-10-13 12:30:00,351.37
2020-10-13 12:40:00,350.97
2020-10-13 12:50:00,351.165
2020-10-13 13:00:00,351.32
2020-10-13 13:10:00,350.34
2020-10-13 13:20:00,351.49
2020-10-13 13:30:00,351.06
2020-10-13 13:40:00,350.96
2020-10-13 13:50:00,350.8919
2020-10-13 14:00:00,349.9601
2020-10-13 14:10:00,349.94
2020-10-13 14:20:00,350.48
2020-10-13 14:30:00,349.75
2020-10-13 14:40:00,349.8
2020-10-13 14:50:00,349.71
2020-10-13 15:00:00,350.03
2020-10-13 15:10:00,350.265
2020-10-13 15:20:00,350.82
2020-10-13 15:30:00,351.19
2020-10-13 15:40:00,351.2
2020-10-13 15:50:00,350.75
2020-10-13 16:00:00,350.31
2020-10-14 09:30:00,350.69
2020-10-14 09:40:00,351.04
2020-10-14 09:50:00,351.85
2020-10-14 10:00:00,351.73
2020-10-14 10:10:00,351.41
2020-10-14 10:20:00,350.87
2020-10-14 10:30:00,350.18
2020-10-14 10:40:00,350.37
2020-10-14 10:50:00,350.67
2020-10-14 11:00:00,350.76
2020-10-14 11:10:00,350.7599
2020-10-14 11:20:00,350.51
2020-10-14 11:30:00,350.07
2020-10-14 11:40:00,349.99
2020-10-14 11:50:00,348.98
2020-10-14 12:00:00,348.18
2020-10-14 12:10:00,348.63
2020-10-14 12:20:00,347.63
2020-10-14 12:30:00,347.88
2020-10-14 12:40:00,347.74
2020-10-14 12:50:00,347.98
2020-10-14 13:00:00,347.9601
2020-10-14 13:10:00,348.28
2020-10-14 13:20:00,348.22
2020-10-14 13:30:00,347.71
2020-10-14 13:40:00,347.56
2020-10-14 13:50:00,348.095
2020-10-14 14:00:00,348.12
2020-10-14 14:10:00,348.55
2020-10-14 14:20:00,348.41
2020-10-14 14:30:00,348.05
2020-10-14 14:40:00,347.3693
2020-10-14 14:50:00,347.895
2020-10-14 15:00:00,348.16
2020-10-14 15:10:00,348.82
2020-10-14 15:20:00,348.97
2020-10-14 15:30:00,348.71
2020-10-14 15:40:00,348.55
2020-10-14 15:50:00,348.49
2020-10-14 16:00:00,347.99
2020-10-15 09:30:00,343.67
2020-10-15 09:40:00,344.25
2020-10-15 09:50:00,344.895
2020-10-15 10:00:00,345.585
2020-10-15 10:10:00,344.79
2020-10-15 10:20:00,345.15
2020-10-15 10:30:00,344.69
2020-10-15 10:40:00,344.34
2020-10-15 10:50:00,344.37
2020-10-15 11:00:00,344.7411
2020-10-15 11:10:00,345.3
2020-10-15 11:20:00,345.905
2020-10-15 11:30:00,345.39
2020-10-15 11:40:00,345.68
2020-10-15 11:50:00,345.67
2020-10-15 12:00:00,345.52
2020-10-15 12:10:00,345.53
2020-10-15 12:20:00,345.43
2020-10-15 12:30:00,345.26
2020-10-15 12:40:00,345.26
2020-10-15 12:50:00,345.2689
2020-10-15 13:00:00,345.87
2020-10-15 13:10:00,345.87
2020-10-15 13:20:00,346.07
2020-10-15 13:30:00,346.01
2020-10-15 13:40:00,346.36
2020-10-15 13:50:00,346.45
2020-10-15 14:00:00,346.515
2020-10-15 14:10:00,346.93
2020-10-15 14:20:00,346.83
2020-10-15 14:30:00,346.9
2020-10-15 14:40:00,346.58
2020-10-15 14:50:00,346.42
2020-10-15 15:00:00,346.904
2020-10-15 15:10:00,347.15
2020-10-15 15:20:00,347.43
2020-10-15 15:30:00,347.63
2020-10-15 15:40:00,347.63
2020-10-15 15:50:00,347.17
2020-10-15 16:00:00,347.54
2020-10-16 09:30:00,348.91
2020-10-16 09:40:00,348.59
2020-10-16 09:50:00,348.87
2020-10-16 10:00:00,349.13
2020-10-16 10:10:00,349.56
2020-10-16 10:20:00,350.07
2020-10-16 10:30:00,350.62
2020-10-16 10:40:00,350.49
2020-10-16 10:50:00,350.0
2020-10-16 11:00:00,349.88
2020-10-16 11:10:00,349.6
2020-10-16 11:20:00,349.39
2020-10-16 11:30:00,349.08
2020-10-16 11:40:00,349.09
2020-10-16 11:50:00,349.54
2020-10-16 12:00:00,349.445
2020-10-16 12:10:00,348.91
2020-10-16 12:20:00,349.0405
2020-10-16 12:30:00,349.18
2020-10-16 12:40:00,348.79
2020-10-16 12:50:00,348.7
2020-10-16 13:00:00,348.99
2020-10-16 13:10:00,349.06
2020-10-16 13:20:00,349.35
2020-10-16 13:30:00,349.31
2020-10-16 13:40:00,349.33
2020-10-16 13:50:00,349.44
2020-10-16 14:00:00,349.25
2020-10-16 14:10:00,349.46
2020-10-16 14:20:00,349.54
2020-10-16 14:30:00,349.62
2020-10-16 14:40:00,349.725
2020-10-16 14:50:00,349.42
2020-10-16 15:00:00,349.86
2020-10-16 15:10:00,349.24
2020-10-16 15:20:00,348.895
2020-10-16 15:30:00,348.86
2020-10-16 15:40:00,348.44
2020-10-16 15:50:00,348.16
2020-10-16 16:00:00,347.3911
2020-10-19 09:30:00,347.29
2020-10-19 09:40:00,349.19
2020-10-19 09:50:00,349.16
2020-10-19 10:00:00,348.52
2020-10-19 10:10:00,347.32
2020-10-19 10:20:00,347.88
2020-10-19 10:30:00,348.27
2020-10-19 10:40:00,347.08
2020-10-19 10:50:00,346.83
2020-10-19 11:00:00,347.135
2020-10-19 11:10:00,347.01
2020-10-19 11:20:00,346.91
2020-10-19 11:30:00,346.36
2020-10-19 11:40:00,346.66
2020-10-19 11:50:00,346.34
2020-10-19 12:00:00,346.255
2020-10-19 12:10:00,346.335
2020-10-19 12:20:00,345.96
2020-10-19 12:30:00,345.93
2020-10-19 12:40:00,345.98
2020-10-19 12:50:00,346.29
2020-10-19 13:00:00,346.18
2020-10-19 13:10:00,345.82
2020-10-19 13:20:00,346.0318
2020-10-19 13:30:00,345.86
2020-10-19 13:40:00,345.39
2020-10-19 13:50:00,344.85
2020-10-19 14:00:00,344.84
2020-10-19 14:10:00,344.54
2020-10-19 14:20:00,345.0
2020-10-19 14:30:00,345.0
2020-10-19 14:40:00,343.56
2020-10-19 14:50:00,342.7119
2020-10-19 15:00:00,342.26
2020-10-19 15:10:00,342.02
2020-10-19 15:20:00,341.705
2020-10-19 15:30:00,341.99
2020-10-19 15:40:00,342.57
2020-10-19 15:50:00,341.95
2020-10-19 16:00:00,341.82
2020-10-20 09:30:00,342.01
2020-10-20 09:40:00,343.54
2020-10-20 09:50:00,343.975
2020-10-20 10:00:00,344.8
2020-10-20 10:10:00,344.78
2020-10-20 10:20:00,344.645
2020-10-20 10:30:00,344.27
2020-10-20 10:40:00,344.37
2020-10-20 10:50:00,344.1
2020-10-20 11:00:00,343.76
2020-10-20 11:10:00,343.25
2020-10-20 11:20:00,343.56
2020-10-20 11:30:00,343.61
2020-10-20 11:40:00,343.51
2020-10-20 11:50:00,343.88
2020-10-20 12:00:00,344.1695
2020-10-20 12:10:00,344.2636
2020-10-20 12:20:00,344.27
2020-10-20 12:30:00,344.12
2020-10-20 12:40:00,345.145
2020-10-20 12:50:00,345.06
2020-10-20 13:00:00,345.0007
2020-10-20 13:10:00,345.21
2020-10-20 13:20:00,345.82
2020-10-20 13:30:00,346.47
2020-10-20 13:40:00,346.69
2020-10-20 13:50:00,346.682
2020-10-20 14:00:00,345.75
2020-10-20 14:10:00,345.6499
2020-10-20 14:20:00,346.168
2020-10-20 14:30:00,345.67
2020-10-20 14:40:00,345.58
2020-10-20 14:50:00,345.32
2020-10-20 15:00:00,345.11
2020-10-20 15:10:00,343.87
2020-10-20 15:20:00,343.7
2020-10-20 15:30:00,344.28
2020-10-20 15:40:00,343.71
2020-10-20 15:50:00,344.02
2020-10-20 16:00:00,343.49
2020-10-21 09:30:00,343.38
2020-10-21 09:40:00,343.38
2020-10-21 09:50:00,343.38
2020-10-21 10:00:00,343.38
2020-10-21 10:10:00,343.38
2020-10-21 10:20:00,343.38
2020-10-21 10:30:00,343.38
2020-10-21 10:40:00,343.38
2020-10-21 10:50:00,343.38
2020-10-21 11:00:00,343.38
2020-10-21 11:10:00,343.38
2020-10-21 11:20:00,343.38
2020-10-21 11:30:00,343.38
2020-10-21 11:40:00,343.38
2020-10-21 11:50:00,343.38
2020-10-21 12:00:00,343.38
2020-10-21 12:10:00,343.38
2020-10-21 12:20:00,343.38
2020-10-21 12:30:00,343.38
2020-10-21 12:40:00,343.38
2020-10-21 12:50:00,343.38
2020-10-21 13:00:00,343.38
2020-10-21 13:10:00,343.38
2020-10-21 13:20:00,343.38
2020-10-21 13:30:00,343.38
2020-10-21 13:40:00,343.38
2020-10-21 13:50:00,343.38
2020-10-21 14:00:00,343.38
2020-10-21 14:10:00,343.38
2020-10-21 14:20:00,343.38
2020-10-21 14:30:00,343.38
2020-10-21 14:40:00,343.38
2020-10-21 14:50:00,343.38
2020-10-21 15:00:00,343.38
2020-10-21 15:10:00,343.38
2020-10-21 15:20:00,343.38
2020-10-21 15:30:00,343.38
2020-10-21 15:40:00,343.38
2020-10-21 15:50:00,343.38
2020-10-21 16:00:00,343.38
2020-10-22 09:30:00,343.38
2020-10-22 09:40:00,343.38
2020-10-22 09:50:00,343.38
2020-10-22 10:00:00,343.38
2020-10-22 10:10:00,343.38
2020-10-22 10:20:00,343.38
2020-10-22 10:30:00,343.38
2020-10-22 10:40:00,343.38
2020-10-22 10:50:00,343.38
2020-10-22 11:00:00,343.38
2020-10-22 11:10:00,343.38
2020-10-22 11:20:00,343.38
2020-10-22 11:30:00,343.38
2020-10-22 11:40:00,343.38
2020-10-22 11:50:00,343.38
2020-10-22 12:00:00,343.38
2020-10-22 12:10:00,343.38
2020-10-22 12:20:00,343.38
2020-10-22 12:30:00,343.38
2020-10-22 12:40:00,343.38
2020-10-22 12:50:00,343.38
2020-10-22 13:00:00,343.38
2020-10-22 13:10:00,343.38
2020-10-22 13:20:00,343.38
2020-10-22 13:30:00,343.38
2020-10-22 13:40:00,343.38
2020-10-22 13:50:00,343.38
2020-10-22 14:00:00,343.38
2020-10-22 14:10:00,343.38
2020-10-22 14:20:00,343.38
2020-10-22 14:30:00,343.38
2020-10-22 14:40:00,343.38
2020-10-22 14:50:00,343.38
2020-10-22 15:00:00,343.38
2020-10-22 15:10:00,343.38
2020-10-22 15:20:00,343.38
2020-10-22 15:30:00,343.38
2020-10-22 15:40:00,343.38
2020-10-22 15:50:00,343.38
2020-10-22 16:00:00,343.38
2020-10-23 09:30:00,343.38
2020-10-23 09:40:00,343.38
2020-10-23 09:50:00,343.38
2020-10-23 10:00:00,343.38
2020-10-23 10:10:00,343.38
2020-10-23 10:20:00,343.38
2020-10-23 10:30:00,343.38
2020-10-23 10:40:00,343.38
2020-10-23 10:50:00,343.38
2020-10-23 11:00:00,343.38
2020-10-23 11:10:00,343.38
2020-10-23 11:20:00,343.38
2020-10-23 11:30:00,343.38
2020-10-23 11:40:00,343.38
2020-10-23 11:50:00,343.38
2020-10-23 12:00:00,343.38
2020-10-23 12:10:00,343.38
2020-10-23 12:20:00,343.38
2020-10-23 12:30:00,343.38
2020-10-23 12:40:00,343.38
2020-10-23 12:50:00,343.38
2020-10-23 13:00:00,343.38
2020-10-23 13:10:00,343.38
2020-10-23 13:20:00,343.38
2020-10-23 13:30:00,343.38
2020-10-23 13:40:00,343.38
2020-10-23 13:50:00,343.38
2020-10-23 14:00:00,343.38
2020-10-23 14:10:00,343.38
2020-10-23 14:20:00,343.38
2020-10-23 14:30:00,343.38
2020-10-23 14:40:00,343.38
2020-10-23 14:50:00,343.38
2020-10-23 15:00:00,343.38
2020-10-23 15:10:00,343.38
2020-10-23 15:20:00,343.38
2020-10-23 15:30:00,343.38
2020-10-23 15:40:00,343.38
2020-10-23 15:50:00,343.38
2020-10-23 16:00:00,343.38
2020-10-26 09:30:00,345.78
2020-10-26 09:40:00,342.55
2020-10-26 09:50:00,341.9698
2020-10-26 10:00:00,342.57
2020-10-26 10:10:00,342.7901
2020-10-26 10:20:00,342.69
2020-10-26 10:30:00,341.595
2020-10-26 10:40:00,340.98
2020-10-26 10:50:00,339.99
2020-10-26 11:00:00,339.66
2020-10-26 11:10:00,339.02
2020-10-26 11:20:00,338.235
2020-10-26 11:30:00,338.74
2020-10-26 11:40:00,338.8
2020-10-26 11:50:00,338.85
2020-10-26 12:00:00,338.61
2020-10-26 12:10:00,338.54
2020-10-26 12:20:00,338.71
2020-10-26 12:30:00,338.64
2020-10-26 12:40:00,337.68
2020-10-26 12:50:00,337.375
2020-10-26 13:00:00,337.486
2020-10-26 13:10:00,337.44
2020-10-26 13:20:00,336.72
2020-10-26 13:30:00,336.18
2020-10-26 13:40:00,336.38
2020-10-26 13:50:00,336.8164
2020-10-26 14:00:00,337.391
2020-10-26 14:10:00,337.86
2020-10-26 14:20:00,337.92
2020-10-26 14:30:00,338.6
2020-10-26 14:40:00,338.085
2020-10-26 14:50:00,337.71
2020-10-26 15:00:00,338.14
2020-10-26 15:10:00,337.75
2020-10-26 15:20:00,337.82
2020-10-26 15:30:00,338.35
2020-10-26 15:40:00,338.43
2020-10-26 15:50:00,337.4799
2020-10-26 16:00:00,339.3
2020-10-27 09:30:00,339.39
2020-10-27 09:40:00,339.5
2020-10-27 09:50:00,339.06
2020-10-27 10:00:00,339.67
2020-10-27 10:10:00,339.86
2020-10-27 10:20:00,338.74
2020-10-27 10:30:00,338.48
2020-10-27 10:40:00,338.97
2020-10-27 10:50:00,339.53
2020-10-27 11:00:00,338.84
2020-10-27 11:10:00,339.13
2020-10-27 11:20:00,339.135
2020-10-27 11:30:00,338.7
2020-10-27 11:40:00,338.897
2020-10-27 11:50:00,339.04
2020-10-27 12:00:00,339.83
2020-10-27 12:10:00,339.82
2020-10-27 12:20:00,339.505
2020-10-27 12:30:00,339.22
2020-10-27 12:40:00,339.0827
2020-10-27 12:50:00,338.752
2020-10-27 13:00:00,339.005
2020-10-27 13:10:00,338.86
2020-10-27 13:20:00,338.71
2020-10-27 13:30:00,339.53
2020-10-27 13:40:00,339.8
2020-10-27 13:50:00,339.93
2020-10-27 14:00:00,339.68
2020-10-27 14:10:00,339.45
2020-10-27 14:20:00,338.83
2020-10-27 14:30:00,339.11
2020-10-27 14:40:00,338.85
2020-10-27 14:50:00,338.805
2020-10-27 15:00:00,338.58
2020-10-27 15:10:00,338.14
2020-10-27 15:20:00,338.48
2020-10-27 15:30:00,338.87
2020-10-27 15:40:00,339.11
2020-10-27 15:50:00,338.695
2020-10-27 16:00:00,338.19
2020-10-28 09:30:00,338.22
2020-10-28 09:40:00,332.22
2020-10-28 09:50:00,332.1
2020-10-28 10:00:00,331.28
2020-10-28 10:10:00,330.76
2020-10-28 10:20:00,329.36
2020-10-28 10:30:00,328.76
2020-10-28 10:40:00,329.04
2020-10-28 10:50:00,328.35
2020-10-28 11:00:00,328.5987
2020-10-28 11:10:00,328.72
2020-10-28 11:20:00,328.59
2020-10-28 11:30:00,328.35
2020-10-28 11:40:00,328.41
2020-10-28 11:50:00,329.21
2020-10-28 12:00:00,329.69
2020-10-28 12:10:00,329.9875
2020-10-28 12:20:00,330.01
2020-10-28 12:30:00,329.33
2020-10-28 12:40:00,328.74
2020-10-28 12:50:00,328.12
2020-10-28 13:00:00,328.39
2020-10-28 13:10:00,327.664
2020-10-28 13:20:00,327.71
2020-10-28 13:30:00,328.25
2020-10-28 13:40:00,328.63
2020-10-28 13:50:00,328.47
2020-10-28 14:00:00,328.73
2020-10-28 14:10:00,328.22
2020-10-28 14:20:00,327.685
2020-10-28 14:30:00,328.9
2020-10-28 14:40:00,328.09
2020-10-28 14:50:00,328.43
2020-10-28 15:00:00,328.74
2020-10-28 15:10:00,328.25
2020-10-28 15:20:00,328.08
2020-10-28 15:30:00,328.9745
2020-10-28 15:40:00,328.328
2020-10-28 15:50:00,327.87
2020-10-28 16:00:00,326.39
2020-10-29 09:30:00,326.66
2020-10-29 09:40:00,325.82
2020-10-29 09:50:00,326.56
2020-10-29 10:00:00,327.805
2020-10-29 10:10:00,328.0999
2020-10-29 10:20:00,328.535
2020-10-29 10:30:00,329.07
2020-10-29 10:40:00,329.62
2020-10-29 10:50:00,329.41
2020-10-29 11:00:00,329.26
2020-10-29 11:10:00,328.6819
2020-10-29 11:20:00,329.6
2020-10-29 11:30:00,329.03
2020-10-29 11:40:00,329.18
2020-10-29 11:50:00,328.565
2020-10-29 12:00:00,328.43
2020-10-29 12:10:00,328.34
2020-10-29 12:20:00,329.01
2020-10-29 12:30:00,328.945
2020-10-29 12:40:00,329.44
2020-10-29 12:50:00,329.57
2020-10-29 13:00:00,329.18
2020-10-29 13:10:00,328.77
2020-10-29 13:20:00,328.8277
2020-10-29 13:30:00,329.995
2020-10-29 13:40:00,330.2499
2020-10-29 13:50:00,330.73
2020-10-29 14:00:00,331.48
2020-10-29 14:10:00,332.26
2020-10-29 14:20:00,332.9
2020-10-29 14:30:00,333.02
2020-10-29 14:40:00,332.46
2020-10-29 14:50:00,331.88
2020-10-29 15:00:00,332.1381
2020-10-29 15:10:00,331.97
2020-10-29 15:20:00,331.66
2020-10-29 15:30:00,332.0
2020-10-29 15:40:00,331.66
2020-10-29 15:50:00,332.42
2020-10-29 16:00:00,330.2
2020-10-30 09:30:00,329.98
2020-10-30 09:40:00,329.18
2020-10-30 09:50:00,327.06
2020-10-30 10:00:00,327.96
2020-10-30 10:10:00,327.98
2020-10-30 10:20:00,327.05
2020-10-30 10:30:00,325.25
2020-10-30 10:40:00,325.325
2020-10-30 10:50:00,323.53
2020-10-30 11:00:00,323.25
2020-10-30 11:10:00,323.97
2020-10-30 11:20:00,324.5701
2020-10-30 11:30:00,324.29
2020-10-30 11:40:00,324.05
2020-10-30 11:50:00,324.7
2020-10-30 12:00:00,324.77
2020-10-30 12:10:00,325.51
2020-10-30 12:20:00,326.32
2020-10-30 12:30:00,326.5
2020-10-30 12:40:00,325.42
2020-10-30 12:50:00,325.56
2020-10-30 13:00:00,324.91
2020-10-30 13:10:00,324.66
2020-10-30 13:20:00,324.35
2020-10-30 13:30:00,324.83
2020-10-30 13:40:00,323.82
2020-10-30 13:50:00,324.3
2020-10-30 14:00:00,324.44
2020-10-30 14:10:00,325.41
2020-10-30 14:20:00,324.93
2020-10-30 14:30:00,323.78
2020-10-30 14:40:00,323.63
2020-10-30 14:50:00,323.81
2020-10-30 15:00:00,323.6099
2020-10-30 15:10:00,323.288
2020-10-30 15:20:00,324.17
2020-10-30 15:30:00,323.78
2020-10-30 15:40:00,323.64
2020-10-30 15:50:00,324.27
2020-10-30 16:00:00,326.55
2020-11-02 09:30:00,326.54
2020-11-02 09:40:00,329.83
2020-11-02 09:50:00,330.1099
2020-11-02 10:00:00,330.76
2020-11-02 10:10:00,330.95
2020-11-02 10:20:00,332.165
2020-11-02 10:30:00,331.6
2020-11-02 10:40:00,330.62
2020-11-02 10:50:00,330.54
2020-11-02 11:00:00,330.24
2020-11-02 11:10:00,330.52
2020-11-02 11:20:00,329.82
2020-11-02 11:30:00,330.33
2020-11-02 11:40:00,330.1013
2020-11-02 11:50:00,330.87
2020-11-02 12:00:00,330.565
2020-11-02 12:10:00,330.66
2020-11-02 12:20:00,330.06
2020-11-02 12:30:00,330.75
2020-11-02 12:40:00,329.725
2020-11-02 12:50:00,328.99
2020-11-02 13:00:00,329.31
2020-11-02 13:10:00,328.62
2020-11-02 13:20:00,327.94
2020-11-02 13:30:00,328.255
2020-11-02 13:40:00,328.13
2020-11-02 13:50:00,328.1
2020-11-02 14:00:00,327.38
2020-11-02 14:10:00,327.91
2020-11-02 14:20:00,327.74
2020-11-02 14:30:00,329.06
2020-11-02 14:40:00,329.17
2020-11-02 14:50:00,329.505
2020-11-02 15:00:00,329.43
2020-11-02 15:10:00,329.38
2020-11-02 15:20:00,330.14
2020-11-02 15:30:00,329.93
2020-11-02 15:40:00,329.19
2020-11-02 15:50:00,329.2
2020-11-02 16:00:00,329.94
2020-11-03 09:30:00,330.2
2020-11-03 09:40:00,333.65
2020-11-03 09:50:00,334.625
2020-11-03 10:00:00,335.37
2020-11-03 10:10:00,336.24
2020-11-03 10:20:00,337.65
2020-11-03 10:30:00,337.42
2020-11-03 10:40:00,337.03
2020-11-03 10:50:00,337.44
2020-11-03 11:00:00,337.89
2020-11-03 11:10:00,337.58
2020-11-03 11:20:00,337.66
2020-11-03 11:30:00,337.565
2020-11-03 11:40:00,338.22
2020-11-03 11:50:00,337.605
2020-11-03 12:00:00,336.9
2020-11-03 12:10:00,336.71
2020-11-03 12:20:00,336.83
2020-11-03 12:30:00,337.11
2020-11-03 12:40:00,336.99
2020-11-03 12:50:00,336.89
2020-11-03 13:00:00,336.25
2020-11-03 13:10:00,336.47
2020-11-03 13:20:00,336.32
2020-11-03 13:30:00,336.19
2020-11-03 13:40:00,336.11
2020-11-03 13:50:00,335.52
2020-11-03 14:00:00,335.04
2020-11-03 14:10:00,335.36
2020-11-03 14:20:00,335.86
2020-11-03 14:30:00,335.59
2020-11-03 14:40:00,336.25
2020-11-03 14:50:00,336.68
2020-11-03 15:00:00,336.35
2020-11-03 15:10:00,335.5984
2020-11-03 15:20:00,335.93
2020-11-03 15:30:00,336.41
2020-11-03 15:40:00,337.19
2020-11-03 15:50:00,337.59
2020-11-03 16:00:00,336.36
2020-11-04 09:30:00,336.03
2020-11-04 09:40:00,339.94
2020-11-04 09:50:00,341.11
2020-11-04 10:00:00,342.44
2020-11-04 10:10:00,344.04
2020-11-04 10:20:00,345.34
2020-11-04 10:30:00,345.11
2020-11-04 10:40:00,344.23
2020-11-04 10:50:00,344.86
2020-11-04 11:00:00,345.86
2020-11-04 11:10:00,345.05
2020-11-04 11:20:00,345.09
2020-11-04 11:30:00,345.64
2020-11-04 11:40:00,346.01
2020-11-04 11:50:00,345.9
2020-11-04 12:00:00,346.66
2020-11-04 12:10:00,346.59
2020-11-04 12:20:00,347.0419
2020-11-04 12:30:00,347.38
2020-11-04 12:40:00,347.44
2020-11-04 12:50:00,347.2545
2020-11-04 13:00:00,346.76
2020-11-04 13:10:00,346.32
2020-11-04 13:20:00,346.09
2020-11-04 13:30:00,346.25
2020-11-04 13:40:00,346.8768
2020-11-04 13:50:00,345.72
2020-11-04 14:00:00,345.81
2020-11-04 14:10:00,345.97
2020-11-04 14:20:00,345.82
2020-11-04 14:30:00,345.89
2020-11-04 14:40:00,345.66
2020-11-04 14:50:00,345.12
2020-11-04 15:00:00,345.32
2020-11-04 15:10:00,344.76
2020-11-04 15:20:00,343.815
2020-11-04 15:30:00,343.765
2020-11-04 15:40:00,343.97
2020-11-04 15:50:00,343.71
2020-11-04 16:00:00,343.62
2020-11-05 09:30:00,343.54
2020-11-05 09:40:00,349.65
2020-11-05 09:50:00,350.105
2020-11-05 10:00:00,349.87
2020-11-05 10:10:00,350.805
2020-11-05 10:20:00,352.03
2020-11-05 10:30:00,351.08
2020-11-05 10:40:00,350.89
2020-11-05 10:50:00,351.462
2020-11-05 11:00:00,351.68
2020-11-05 11:10:00,351.055
2020-11-05 11:20:00,351.25
2020-11-05 11:30:00,351.08
2020-11-05 11:40:00,350.55
2020-11-05 11:50:00,350.8501
2020-11-05 12:00:00,350.28
2020-11-05 12:10:00,350.57
2020-11-05 12:20:00,349.52
2020-11-05 12:30:00,349.06
2020-11-05 12:40:00,349.75
2020-11-05 12:50:00,350.21
2020-11-05 13:00:00,350.465
2020-11-05 13:10:00,350.91
2020-11-05 13:20:00,350.82
2020-11-05 13:30:00,350.805
2020-11-05 13:40:00,351.035
2020-11-05 13:50:00,351.18
2020-11-05 14:00:00,351.13
2020-11-05 14:10:00,351.11
2020-11-05 14:20:00,351.22
2020-11-05 14:30:00,351.47
2020-11-05 14:40:00,351.39
2020-11-05 14:50:00,351.4
2020-11-05 15:00:00,351.72
2020-11-05 15:10:00,351.29
2020-11-05 15:20:00,350.81
2020-11-05 15:30:00,351.095
2020-11-05 15:40:00,349.9
2020-11-05 15:50:00,350.02
2020-11-05 16:00:00,350.58
2020-11-06 09:30:00,350.24
2020-11-06 09:40:00,348.27
2020-11-06 09:50:00,348.44
2020-11-06 10:00:00,348.27
2020-11-06 10:10:00,349.19
2020-11-06 10:20:00,349.52
2020-11-06 10:30:00,349.8695
2020-11-06 10:40:00,349.34
2020-11-06 10:50:00,349.87
2020-11-06 11:00:00,348.84
2020-11-06 11:10:00,350.55
2020-11-06 11:20:00,350.01
2020-11-06 11:30:00,349.98
2020-11-06 11:40:00,350.41
2020-11-06 11:50:00,350.39
2020-11-06 12:00:00,350.36
2020-11-06 12:10:00,350.375
2020-11-06 12:20:00,349.97
2020-11-06 12:30:00,349.82
2020-11-06 12:40:00,349.73
2020-11-06 12:50:00,350.13
2020-11-06 13:00:00,350.12
2020-11-06 13:10:00,350.37
2020-11-06 13:20:00,350.6
2020-11-06 13:30:00,350.69
2020-11-06 13:40:00,350.62
2020-11-06 13:50:00,350.49
2020-11-06 14:00:00,350.478
2020-11-06 14:10:00,350.69
2020-11-06 14:20:00,350.61
2020-11-06 14:30:00,350.55
2020-11-06 14:40:00,350.27
2020-11-06 14:50:00,349.89
2020-11-06 15:00:00,349.99
2020-11-06 15:10:00,349.5701
2020-11-06 15:20:00,349.55
2020-11-06 15:30:00,349.995
2020-11-06 15:40:00,350.3399
2020-11-06 15:50:00,351.385
2020-11-06 16:00:00,349.94
2020-11-09 09:30:00,350.16
2020-11-09 09:40:00,362.62
2020-11-09 09:50:00,362.255
2020-11-09 10:00:00,360.54
2020-11-09 10:10:00,361.4222
2020-11-09 10:20:00,362.42
2020-11-09 10:30:00,361.44
2020-11-09 10:40:00,360.27
2020-11-09 10:50:00,359.6
2020-11-09 11:00:00,360.33
2020-11-09 11:10:00,360.07
2020-11-09 11:20:00,359.52
2020-11-09 11:30:00,360.47
2020-11-09 11:40:00,360.41
2020-11-09 11:50:00,359.72
2020-11-09 12:00:00,359.7
2020-11-09 12:10:00,360.3155
2020-11-09 12:20:00,359.72
2020-11-09 12:30:00,361.06
2020-11-09 12:40:00,361.5
2020-11-09 12:50:00,361.03
2020-11-09 13:00:00,361.46
2020-11-09 13:10:00,361.96
2020-11-09 13:20:00,361.7038
2020-11-09 13:30:00,361.49
2020-11-09 13:40:00,361.44
2020-11-09 13:50:00,361.41
2020-11-09 14:00:00,361.13
2020-11-09 14:10:00,360.64
2020-11-09 14:20:00,360.18
2020-11-09 14:30:00,359.58
2020-11-09 14:40:00,359.6329
2020-11-09 14:50:00,359.95
2020-11-09 15:00:00,359.64
2020-11-09 15:10:00,359.91
2020-11-09 15:20:00,359.59
2020-11-09 15:30:00,358.17
2020-11-09 15:40:00,359.0
2020-11-09 15:50:00,357.6
2020-11-09 16:00:00,354.28
2020-11-10 09:30:00,354.56
2020-11-10 09:40:00,352.77
2020-11-10 09:50:00,352.8
2020-11-10 10:00:00,353.66
2020-11-10 10:10:00,354.16
2020-11-10 10:20:00,353.87
2020-11-10 10:30:00,352.51
2020-11-10 10:40:00,351.16
2020-11-10 10:50:00,351.62
2020-11-10 11:00:00,351.68
2020-11-10 11:10:00,352.78
2020-11-10 11:20:00,352.38
2020-11-10 11:30:00,353.6
2020-11-10 11:40:00,353.035
2020-11-10 11:50:00,353.945
2020-11-10 12:00:00,353.58
2020-11-10 12:10:00,354.66
2020-11-10 12:20:00,354.98
2020-11-10 12:30:00,354.35
2020-11-10 12:40:00,353.75
2020-11-10 12:50:00,354.55
2020-11-10 13:00:00,354.28
2020-11-10 13:10:00,354.48
2020-11-10 13:20:00,353.61
2020-11-10 13:30:00,352.85
2020-11-10 13:40:00,353.2
2020-11-10 13:50:00,353.4818
2020-11-10 14:00:00,354.13
2020-11-10 14:10:00,354.36
2020-11-10 14:20:00,353.5503
2020-11-10 14:30:00,353.31
2020-11-10 14:40:00,354.14
2020-11-10 14:50:00,353.74
2020-11-10 15:00:00,354.0
2020-11-10 15:10:00,353.6
2020-11-10 15:20:00,354.3
2020-11-10 15:30:00,354.63
2020-11-10 15:40:00,353.57
2020-11-10 15:50:00,354.2499
2020-11-10 16:00:00,354.05
2020-11-11 09:30:00,354.04
2020-11-11 09:40:00,355.98
2020-11-11 09:50:00,356.32
2020-11-11 10:00:00,355.31
2020-11-11 10:10:00,355.565
2020-11-11 10:20:00,355.4901
2020-11-11 10:30:00,355.8399
2020-11-11 10:40:00,355.9152
2020-11-11 10:50:00,355.64
2020-11-11 11:00:00,356.01
2020-11-11 11:10:00,356.19
2020-11-11 11:20:00,356.67
2020-11-11 11:30:00,356.63
2020-11-11 11:40:00,356.6
2020-11-11 11:50:00,356.91
2020-11-11 12:00:00,356.9
2020-11-11 12:10:00,357.22
2020-11-11 12:20:00,356.85
2020-11-11 12:30:00,356.88
2020-11-11 12:40:00,357.07
2020-11-11 12:50:00,357.2619
2020-11-11 13:00:00,357.09
2020-11-11 13:10:00,356.97
2020-11-11 13:20:00,357.22
2020-11-11 13:30:00,357.0199
2020-11-11 13:40:00,357.42
2020-11-11 13:50:00,357.01
2020-11-11 14:00:00,356.71
2020-11-11 14:10:00,357.05
2020-11-11 14:20:00,356.74
2020-11-11 14:30:00,356.25
2020-11-11 14:40:00,356.215
2020-11-11 14:50:00,355.34
2020-11-11 15:00:00,355.7
2020-11-11 15:10:00,356.01
2020-11-11 15:20:00,356.175
2020-11-11 15:30:00,355.4201
2020-11-11 15:40:00,356.03
2020-11-11 15:50:00,356.61
2020-11-11 16:00:00,356.65
2020-11-12 09:30:00,355.5744
2020-11-12 09:40:00,355.73
2020-11-12 09:50:00,354.81
2020-11-12 10:00:00,355.26
2020-11-12 10:10:00,355.54
2020-11-12 10:20:00,356.055
2020-11-12 10:30:00,355.37
2020-11-12 10:40:00,355.9222
2020-11-12 10:50:00,356.0343
2020-11-12 11:00:00,356.01
2020-11-12 11:10:00,356.27
2020-11-12 11:20:00,355.78
2020-11-12 11:30:00,355.6599
2020-11-12 11:40:00,355.1
2020-11-12 11:50:00,354.98
2020-11-12 12:00:00,355.24
2020-11-12 12:10:00,355.3525
2020-11-12 12:20:00,355.29
2020-11-12 12:30:00,354.3099
2020-11-12 12:40:00,354.1733
2020-11-12 12:50:00,352.9199
2020-11-12 13:00:00,353.285
2020-11-12 13:10:00,352.97
2020-11-12 13:20:00,352.3736
2020-11-12 13:30:00,352.23
2020-11-12 13:40:00,353.04
2020-11-12 13:50:00,352.63
2020-11-12 14:00:00,353.49
2020-11-12 14:10:00,352.935
2020-11-12 14:20:00,352.42
2020-11-12 14:30:00,352.69
2020-11-12 14:40:00,352.69
2020-11-12 14:50:00,352.09
2020-11-12 15:00:00,352.07
2020-11-12 15:10:00,351.64
2020-11-12 15:20:00,352.42
2020-11-12 15:30:00,352.02
2020-11-12 15:40:00,352.26
2020-11-12 15:50:00,351.98
2020-11-12 16:00:00,353.18
2020-11-13 09:30:00,353.21
2020-11-13 09:40:00,355.91
2020-11-13 09:50:00,356.065
2020-11-13 10:00:00,356.045
2020-11-13 10:10:00,355.85
2020-11-13 10:20:00,355.235
2020-11-13 10:30:00,355.8701
2020-11-13 10:40:00,355.24
2020-11-13 10:50:00,355.745
2020-11-13 11:00:00,355.22
2020-11-13 11:10:00,355.7201
2020-11-13 11:20:00,355.8601
2020-11-13 11:30:00,355.7
2020-11-13 11:40:00,355.63
2020-11-13 11:50:00,356.135
2020-11-13 12:00:00,356.28
2020-11-13 12:10:00,356.27
2020-11-13 12:20:00,356.25
2020-11-13 12:30:00,356.23
2020-11-13 12:40:00,356.43
2020-11-13 12:50:00,356.52
2020-11-13 13:00:00,356.73
2020-11-13 13:10:00,356.82
2020-11-13 13:20:00,356.9
2020-11-13 13:30:00,356.88
2020-11-13 13:40:00,356.71
2020-11-13 13:50:00,356.72
2020-11-13 14:00:00,356.6
2020-11-13 14:10:00,356.9
2020-11-13 14:20:00,356.938
2020-11-13 14:30:00,357.275
2020-11-13 14:40:00,357.43
2020-11-13 14:50:00,357.1
2020-11-13 15:00:00,357.7181
2020-11-13 15:10:00,357.52
2020-11-13 15:20:00,357.32
2020-11-13 15:30:00,357.67
2020-11-13 15:40:00,358.44
2020-11-13 15:50:00,358.4
2020-11-13 16:00:00,358.195
2020-11-16 09:30:00,358.1
2020-11-16 09:40:00,360.85
2020-11-16 09:50:00,360.95
2020-11-16 10:00:00,360.33
2020-11-16 10:10:00,360.655
2020-11-16 10:20:00,360.75
2020-11-16 10:30:00,361.47
2020-11-16 10:40:00,361.48
2020-11-16 10:50:00,361.5
2020-11-16 11:00:00,361.92
2020-11-16 11:10:00,361.875
2020-11-16 11:20:00,362.085
2020-11-16 11:30:00,361.98
2020-11-16 11:40:00,361.89
2020-11-16 11:50:00,361.74
2020-11-16 12:00:00,361.81
2020-11-16 12:10:00,361.74
2020-11-16 12:20:00,361.4099
2020-11-16 12:30:00,361.2
2020-11-16 12:40:00,361.2
2020-11-16 12:50:00,361.2223
2020-11-16 13:00:00,361.12
2020-11-16 13:10:00,361.0
2020-11-16 13:20:00,360.93
2020-11-16 13:30:00,360.13
2020-11-16 13:40:00,360.38
2020-11-16 13:50:00,360.08
2020-11-16 14:00:00,360.58
2020-11-16 14:10:00,360.78
2020-11-16 14:20:00,360.8
2020-11-16 14:30:00,361.0382
2020-11-16 14:40:00,360.935
2020-11-16 14:50:00,360.77
2020-11-16 15:00:00,360.92
2020-11-16 15:10:00,360.69
2020-11-16 15:20:00,360.7901
2020-11-16 15:30:00,360.86
2020-11-16 15:40:00,360.975
2020-11-16 15:50:00,361.47
2020-11-16 16:00:00,362.0901
2020-11-17 09:30:00,359.99
2020-11-17 09:40:00,359.67
2020-11-17 09:50:00,359.4599
2020-11-17 10:00:00,358.4
2020-11-17 10:10:00,359.02
2020-11-17 10:20:00,359.48
2020-11-17 10:30:00,359.46
2020-11-17 10:40:00,359.88
2020-11-17 10:50:00,360.05
2020-11-17 11:00:00,360.58
2020-11-17 11:10:00,360.66
2020-11-17 11:20:00,360.75
2020-11-17 11:30:00,360.74
2020-11-17 11:40:00,360.86
2020-11-17 11:50:00,360.783
2020-11-17 12:00:00,360.8
2020-11-17 12:10:00,360.82
2020-11-17 12:20:00,361.3
2020-11-17 12:30:00,361.365
2020-11-17 12:40:00,361.37
2020-11-17 12:50:00,361.22
2020-11-17 13:00:00,361.3411
2020-11-17 13:10:00,361.48
2020-11-17 13:20:00,361.42
2020-11-17 13:30:00,361.42
2020-11-17 13:40:00,361.38
2020-11-17 13:50:00,361.06
2020-11-17 14:00:00,360.99
2020-11-17 14:10:00,361.54
2020-11-17 14:20:00,361.72
2020-11-17 14:30:00,361.55
2020-11-17 14:40:00,361.77
2020-11-17 14:50:00,361.73
2020-11-17 15:00:00,361.54
2020-11-17 15:10:00,360.9499
2020-11-17 15:20:00,360.7
2020-11-17 15:30:00,360.29
2020-11-17 15:40:00,360.44
2020-11-17 15:50:00,360.35
2020-11-17 16:00:00,360.49
2020-11-18 09:30:00,360.62
2020-11-18 09:40:00,360.86
2020-11-18 09:50:00,361.08
2020-11-18 10:00:00,360.62
2020-11-18 10:10:00,360.67
2020-11-18 10:20:00,360.66
2020-11-18 10:30:00,361.15
2020-11-18 10:40:00,360.94
2020-11-18 10:50:00,361.24
2020-11-18 11:00:00,361.12
2020-11-18 11:10:00,361.355
2020-11-18 11:20:00,361.2218
2020-11-18 11:30:00,361.22
2020-11-18 11:40:00,361.13
2020-11-18 11:50:00,360.91
2020-11-18 12:00:00,361.1964
2020-11-18 12:10:00,361.3689
2020-11-18 12:20:00,361.27
2020-11-18 12:30:00,361.135
2020-11-18 12:40:00,361.18
2020-11-18 12:50:00,361.0835
2020-11-18 13:00:00,360.77
2020-11-18 13:10:00,361.03
2020-11-18 13:20:00,360.7999
2020-11-18 13:30:00,360.165
2020-11-18 13:40:00,360.46
2020-11-18 13:50:00,359.75
2020-11-18 14:00:00,359.84
2020-11-18 14:10:00,359.96
2020-11-18 14:20:00,359.1499
2020-11-18 14:30:00,359.05
2020-11-18 14:40:00,359.28
2020-11-18 14:50:00,359.48
2020-11-18 15:00:00,359.45
2020-11-18 15:10:00,359.61
2020-11-18 15:20:00,359.49
2020-11-18 15:30:00,358.99
2020-11-18 15:40:00,357.93
2020-11-18 15:50:00,357.555
2020-11-18 16:00:00,356.43
2020-11-19 09:30:00,355.6
2020-11-19 09:40:00,355.2
2020-11-19 09:50:00,355.94
2020-11-19 10:00:00,356.13
2020-11-19 10:10:00,356.08
2020-11-19 10:20:00,355.43
2020-11-19 10:30:00,355.18
2020-11-19 10:40:00,355.8822
2020-11-19 10:50:00,356.62
2020-11-19 11:00:00,355.9299
2020-11-19 11:10:00,355.7
2020-11-19 11:20:00,355.82
2020-11-19 11:30:00,356.12
2020-11-19 11:40:00,355.58
2020-11-19 11:50:00,355.675
2020-11-19 12:00:00,355.9219
2020-11-19 12:10:00,356.1
2020-11-19 12:20:00,355.785
2020-11-19 12:30:00,355.9
2020-11-19 12:40:00,356.22
2020-11-19 12:50:00,355.3497
2020-11-19 13:00:00,355.5
2020-11-19 13:10:00,355.5964
2020-11-19 13:20:00,355.85
2020-11-19 13:30:00,356.14
2020-11-19 13:40:00,356.14
2020-11-19 13:50:00,356.54
2020-11-19 14:00:00,356.53
2020-11-19 14:10:00,356.7018
2020-11-19 14:20:00,356.608
2020-11-19 14:30:00,356.73
2020-11-19 14:40:00,357.58
2020-11-19 14:50:00,357.7719
2020-11-19 15:00:00,357.66
2020-11-19 15:10:00,357.43
2020-11-19 15:20:00,357.475
2020-11-19 15:30:00,357.4
2020-11-19 15:40:00,357.9498
2020-11-19 15:50:00,357.56
2020-11-19 16:00:00,358.15
2020-11-20 09:30:00,357.45
2020-11-20 09:40:00,357.285
2020-11-20 09:50:00,357.4819
2020-11-20 10:00:00,357.06
2020-11-20 10:10:00,357.0308
2020-11-20 10:20:00,356.28
2020-11-20 10:30:00,356.83
2020-11-20 10:40:00,357.1142
2020-11-20 10:50:00,356.7
2020-11-20 11:00:00,356.87
2020-11-20 11:10:00,357.28
2020-11-20 11:20:00,357.05
2020-11-20 11:30:00,357.27
2020-11-20 11:40:00,357.48
2020-11-20 11:50:00,356.51
2020-11-20 12:00:00,356.84
2020-11-20 12:10:00,356.85
2020-11-20 12:20:00,356.67
2020-11-20 12:30:00,356.91
2020-11-20 12:40:00,356.76
2020-11-20 12:50:00,356.605
2020-11-20 13:00:00,356.88
2020-11-20 13:10:00,356.78
2020-11-20 13:20:00,356.925
2020-11-20 13:30:00,357.215
2020-11-20 13:40:00,357.29
2020-11-20 13:50:00,357.29
2020-11-20 14:00:00,357.1319
2020-11-20 14:10:00,357.06
2020-11-20 14:20:00,356.92
2020-11-20 14:30:00,357.06
2020-11-20 14:40:00,357.06
2020-11-20 14:50:00,356.88
2020-11-20 15:00:00,356.87
2020-11-20 15:10:00,356.39
2020-11-20 15:20:00,355.87
2020-11-20 15:30:00,355.95
2020-11-20 15:40:00,356.43
2020-11-20 15:50:00,356.67
2020-11-20 16:00:00,355.41
2020-11-23 09:30:00,355.33
2020-11-23 09:40:00,357.64
2020-11-23 09:50:00,358.46
2020-11-23 10:00:00,358.16
2020-11-23 10:10:00,357.46
2020-11-23 10:20:00,357.42
2020-11-23 10:30:00,356.08
2020-11-23 10:40:00,356.815
2020-11-23 10:50:00,357.05
2020-11-23 11:00:00,357.1
2020-11-23 11:10:00,356.245
2020-11-23 11:20:00,355.61
2020-11-23 11:30:00,355.6684
2020-11-23 11:40:00,355.38
2020-11-23 11:50:00,355.69
2020-11-23 12:00:00,355.78
2020-11-23 12:10:00,355.43
2020-11-23 12:20:00,356.04
2020-11-23 12:30:00,356.06
2020-11-23 12:40:00,356.21
2020-11-23 12:50:00,356.35
2020-11-23 13:00:00,356.67
2020-11-23 13:10:00,356.88
2020-11-23 13:20:00,356.73
2020-11-23 13:30:00,356.66
2020-11-23 13:40:00,356.69
2020-11-23 13:50:00,356.69
2020-11-23 14:00:00,356.77
2020-11-23 14:10:00,356.45
2020-11-23 14:20:00,356.35
2020-11-23 14:30:00,356.5
2020-11-23 14:40:00,356.73
2020-11-23 14:50:00,356.61
2020-11-23 15:00:00,357.65
2020-11-23 15:10:00,358.24
2020-11-23 15:20:00,357.81
2020-11-23 15:30:00,357.71
2020-11-23 15:40:00,357.2
2020-11-23 15:50:00,357.56
2020-11-23 16:00:00,357.51
2020-11-24 09:30:00,360.19
2020-11-24 09:40:00,359.6
2020-11-24 09:50:00,359.576
2020-11-24 10:00:00,360.3311
2020-11-24 10:10:00,360.66
2020-11-24 10:20:00,360.74
2020-11-24 10:30:00,360.7681
2020-11-24 10:40:00,360.8601
2020-11-24 10:50:00,361.6101
2020-11-24 11:00:00,361.52
2020-11-24 11:10:00,361.7
2020-11-24 11:20:00,362.0999
2020-11-24 11:30:00,362.43
2020-11-24 11:40:00,362.58
2020-11-24 11:50:00,363.14
2020-11-24 12:00:00,362.995
2020-11-24 12:10:00,362.9618
2020-11-24 12:20:00,362.82
2020-11-24 12:30:00,362.73
2020-11-24 12:40:00,362.9162
2020-11-24 12:50:00,362.92
2020-11-24 13:00:00,362.99
2020-11-24 13:10:00,363.275
2020-11-24 13:20:00,363.295
2020-11-24 13:30:00,362.82
2020-11-24 13:40:00,363.02
2020-11-24 13:50:00,363.11
2020-11-24 14:00:00,363.08
2020-11-24 14:10:00,362.96
2020-11-24 14:20:00,362.88
2020-11-24 14:30:00,362.59
2020-11-24 14:40:00,362.8801
2020-11-24 14:50:00,362.73
2020-11-24 15:00:00,363.07
2020-11-24 15:10:00,363.0898
2020-11-24 15:20:00,362.97
2020-11-24 15:30:00,363.255
2020-11-24 15:40:00,363.03
2020-11-24 15:50:00,363.03
2020-11-24 16:00:00,363.28
2020-11-25 09:30:00,363.13
2020-11-25 09:40:00,362.44
2020-11-25 09:50:00,362.31
2020-11-25 10:00:00,362.12
2020-11-25 10:10:00,361.71
2020-11-25 10:20:00,362.2322
2020-11-25 10:30:00,362.02
2020-11-25 10:40:00,362.04
2020-11-25 10:50:00,362.21
2020-11-25 11:00:00,362.04
2020-11-25 11:10:00,362.3219
2020-11-25 11:20:00,362.08
2020-11-25 11:30:00,362.14
2020-11-25 11:40:00,362.18
2020-11-25 11:50:00,362.0
2020-11-25 12:00:00,362.17
2020-11-25 12:10:00,362.26
2020-11-25 12:20:00,362.305
2020-11-25 12:30:00,362.11
2020-11-25 12:40:00,362.23
2020-11-25 12:50:00,362.6101
2020-11-25 13:00:00,362.7
2020-11-25 13:10:00,362.77
2020-11-25 13:20:00,362.535
2020-11-25 13:30:00,362.39
2020-11-25 13:40:00,362.405
2020-11-25 13:50:00,362.46
2020-11-25 14:00:00,362.7
2020-11-25 14:10:00,362.295
2020-11-25 14:20:00,362.24
2020-11-25 14:30:00,362.432
2020-11-25 14:40:00,362.24
2020-11-25 14:50:00,362.27
2020-11-25 15:00:00,362.4502
2020-11-25 15:10:00,362.66
2020-11-25 15:20:00,362.8
2020-11-25 15:30:00,362.97
2020-11-25 15:40:00,362.535
2020-11-25 15:50:00,362.685
2020-11-25 16:00:00,362.6599
2020-11-26 09:30:00,362.66
2020-11-26 09:40:00,362.66
2020-11-26 09:50:00,362.66
2020-11-26 10:00:00,362.66
2020-11-26 10:10:00,362.66
2020-11-26 10:20:00,362.66
2020-11-26 10:30:00,362.66
2020-11-26 10:40:00,362.66
2020-11-26 10:50:00,362.66
2020-11-26 11:00:00,362.66
2020-11-26 11:10:00,362.66
2020-11-26 11:20:00,362.66
2020-11-26 11:30:00,362.66
2020-11-26 11:40:00,362.66
2020-11-26 11:50:00,362.66
2020-11-26 12:00:00,362.66
2020-11-26 12:10:00,362.66
2020-11-26 12:20:00,362.66
2020-11-26 12:30:00,362.66
2020-11-26 12:40:00,362.66
2020-11-26 12:50:00,362.66
2020-11-26 13:00:00,362.66
2020-11-26 13:10:00,362.66
2020-11-26 13:20:00,362.66
2020-11-26 13:30:00,362.66
2020-11-26 13:40:00,362.66
2020-11-26 13:50:00,362.66
2020-11-26 14:00:00,362.66
2020-11-26 14:10:00,362.66
2020-11-26 14:20:00,362.66
2020-11-26 14:30:00,362.66
2020-11-26 14:40:00,362.66
2020-11-26 14:50:00,362.66
2020-11-26 15:00:00,362.66
2020-11-26 15:10:00,362.66
2020-11-26 15:20:00,362.66
2020-11-26 15:30:00,362.66
2020-11-26 15:40:00,362.66
2020-11-26 15:50:00,362.66
2020-11-26 16:00:00,362.66
2020-11-27 09:30:00,362.66
2020-11-27 09:40:00,364.1
2020-11-27 09:50:00,363.9018
2020-11-27 10:00:00,363.68
2020-11-27 10:10:00,363.8122
2020-11-27 10:20:00,363.8
2020-11-27 10:30:00,363.97
2020-11-27 10:40:00,363.945
2020-11-27 10:50:00,364.01
2020-11-27 11:00:00,363.9902
2020-11-27 11:10:00,363.9708
2020-11-27 11:20:00,363.88
2020-11-27 11:30:00,363.77
2020-11-27 11:40:00,363.68
2020-11-27 11:50:00,363.58
2020-11-27 12:00:00,363.41
2020-11-27 12:10:00,363.35
2020-11-27 12:20:00,363.19
2020-11-27 12:30:00,362.7482
2020-11-27 12:40:00,363.07
2020-11-27 12:50:00,363.34
2020-11-27 13:00:00,363.64
2020-11-27 13:10:00,363.71
2020-11-27 13:20:00,363.67
2020-11-27 13:30:00,363.67
2020-11-27 13:40:00,363.67
2020-11-27 13:50:00,363.67
2020-11-27 14:00:00,363.67
2020-11-27 14:10:00,363.67
2020-11-27 14:20:00,363.67
2020-11-27 14:30:00,363.67
2020-11-27 14:40:00,363.67
2020-11-27 14:50:00,363.67
2020-11-27 15:00:00,363.67
2020-11-27 15:10:00,363.67
2020-11-27 15:20:00,363.67
2020-11-27 15:30:00,363.67
2020-11-27 15:40:00,363.67
2020-11-27 15:50:00,363.67
2020-11-27 16:00:00,363.67
2020-11-30 09:30:00,363.67
2020-11-30 09:40:00,362.4
2020-11-30 09:50:00,361.93
2020-11-30 10:00:00,362.21
2020-11-30 10:10:00,362.06
2020-11-30 10:20:00,361.61
2020-11-30 10:30:00,361.16
2020-11-30 10:40:00,359.94
2020-11-30 10:50:00,360.08
2020-11-30 11:00:00,360.88
2020-11-30 11:10:00,360.91
2020-11-30 11:20:00,360.402
2020-11-30 11:30:00,360.16
2020-11-30 11:40:00,360.09
2020-11-30 11:50:00,360.44
2020-11-30 12:00:00,360.34
2020-11-30 12:10:00,360.46
2020-11-30 12:20:00,360.75
2020-11-30 12:30:00,360.96
2020-11-30 12:40:00,360.94
2020-11-30 12:50:00,361.115
2020-11-30 13:00:00,361.292
2020-11-30 13:10:00,361.235
2020-11-30 13:20:00,361.12
2020-11-30 13:30:00,361.18
2020-11-30 13:40:00,361.12
2020-11-30 13:50:00,361.42
2020-11-30 14:00:00,361.03
2020-11-30 14:10:00,360.92
2020-11-30 14:20:00,361.1286
2020-11-30 14:30:00,361.3777
2020-11-30 14:40:00,361.23
2020-11-30 14:50:00,361.3032
2020-11-30 15:00:00,362.1499
2020-11-30 15:10:00,361.64
2020-11-30 15:20:00,361.806
2020-11-30 15:30:00,361.285
2020-11-30 15:40:00,361.59
2020-11-30 15:50:00,361.57
2020-11-30 16:00:00,362.32
