TimeStamp,returns
2020-11-02 09:30:00,0.0
2020-11-02 09:40:00,0.012655704574683119
2020-11-02 09:50:00,-0.0025191019043395322
2020-11-02 10:00:00,-0.0012722808293924813
2020-11-02 10:10:00,-0.004918953816286807
2020-11-02 10:20:00,0.008144224143689741
2020-11-02 10:30:00,-0.003354818330596701
2020-11-02 10:40:00,-0.008836952175904753
2020-11-02 10:50:00,-0.00013782964256179884
2020-11-02 11:00:00,-0.002894821486008342
2020-11-02 11:10:00,-0.0005834101382488307
2020-11-02 11:20:00,-0.0033807742212738435
2020-11-02 11:30:00,-0.0006486530501960904
2020-11-02 11:40:00,-0.001744444444444458
2020-11-02 11:50:00,0.0032881433908781765
2020-11-02 12:00:00,-0.0024601053379940153
2020-11-02 12:10:00,0.004633920296570899
2020-11-02 12:20:00,-0.0017066420664206851
2020-11-02 12:30:00,0.00286466755995012
2020-11-02 12:40:00,-0.004008293020041485
2020-11-02 12:50:00,-0.0016190211860486368
2020-11-02 13:00:00,0.0020534680072278656
2020-11-02 13:10:00,-0.002003022103524613
2020-11-02 13:20:00,-0.000738510007412922
2020-11-02 13:30:00,0.00194454206822494
2020-11-02 13:40:00,-0.00027764923646461025
2020-11-02 13:50:00,-0.002569894463988081
2020-11-02 14:00:00,-0.0030591484875035196
2020-11-02 14:10:00,0.0025806980173684463
2020-11-02 14:20:00,-0.0017178939548704827
2020-11-02 14:30:00,0.00269754895121163
2020-11-02 14:40:00,3.154135163967885e-05
2020-11-02 14:50:00,0.0003859055421973102
2020-11-02 15:00:00,-0.00018545994065291387
2020-11-02 15:10:00,0.0006028566128734182
2020-11-02 15:20:00,0.0028261574825044194
2020-11-02 15:30:00,0.00027266870567399314
2020-11-02 15:40:00,-0.002027362931230382
2020-11-02 15:50:00,0.00018518518518514834
2020-11-02 16:00:00,0.0043510461025735876
2020-11-03 09:30:00,0.002580883030694084
2020-11-03 09:40:00,0.0035855474855199096
2020-11-03 09:50:00,0.00027482594356908335
2020-11-03 10:00:00,0.0059336935616815375
2020-11-03 10:10:00,0.004298152095041852
2020-11-03 10:20:00,0.0038074517269513345
2020-11-03 10:30:00,-0.00018061952497074174
2020-11-03 10:40:00,-0.001806521542769295
2020-11-03 10:50:00,0.003348113292914581
2020-11-03 11:00:00,0.0028409090909090706
2020-11-03 11:10:00,-0.002518098835379171
2020-11-03 11:20:00,-0.0007663526123608885
2020-11-03 11:30:00,0.0003609131101687833
2020-11-03 11:40:00,0.004118336790836065
2020-11-03 11:50:00,-0.00032876239820485724
2020-11-03 12:00:00,-0.0037442717225267845
2020-11-03 12:10:00,-0.0018173897593017957
2020-11-03 12:20:00,0.0007065937302907821
2020-11-03 12:30:00,0.0027088036117381233
2020-11-03 12:40:00,-0.0026114362899594063
2020-11-03 12:50:00,0.0011285662694113397
2020-11-03 13:00:00,-0.0015782116607296873
2020-11-03 13:10:00,0.0009032607713847758
2020-11-03 13:20:00,-0.0011127154588936054
2020-11-03 13:30:00,-0.0015512252149535697
2020-11-03 13:40:00,-0.002035922725421837
2020-11-03 13:50:00,-0.0019040710853205907
2020-11-03 14:00:00,-0.0021802325581394884
2020-11-03 14:10:00,-9.104151493383071e-07
2020-11-03 14:20:00,0.0030508039428294915
2020-11-03 14:30:00,-0.0010201951440888936
2020-11-03 14:40:00,0.0022478116998871454
2020-11-03 14:50:00,0.000634575287825158
2020-11-03 15:00:00,-5.888747961576739e-05
2020-11-03 15:10:00,-0.0026519046691462224
2020-11-03 15:20:00,0.001582473964578737
2020-11-03 15:30:00,0.00548637250011338
2020-11-03 15:40:00,0.0024815104469696346
2020-11-03 15:50:00,-0.001439690466549789
2020-11-03 16:00:00,-0.004460464068483806
2020-11-04 09:30:00,-0.0003620564808110631
2020-11-04 09:40:00,0.02088735965229985
2020-11-04 09:50:00,0.0026005172652351378
2020-11-04 10:00:00,0.004334748761500308
2020-11-04 10:10:00,0.008676120849114767
2020-11-04 10:20:00,0.00414792821901056
2020-11-04 10:30:00,-0.0005548308548569487
2020-11-04 10:40:00,-0.004143528629677058
2020-11-04 10:50:00,0.0007872433377019879
2020-11-04 11:00:00,0.0031840377300176893
2020-11-04 11:10:00,-0.007700287542382899
2020-11-04 11:20:00,0.0009103666023505243
2020-11-04 11:30:00,0.002157306363790916
2020-11-04 11:40:00,0.003316429133514039
2020-11-04 11:50:00,0.0014370458033294209
2020-11-04 12:00:00,0.0017038799382496292
2020-11-04 12:10:00,-0.0020840934758058014
2020-11-04 12:20:00,0.0020022616851557017
2020-11-04 12:30:00,0.001510858808984556
2020-11-04 12:40:00,0.0005447889376615347
2020-11-04 12:50:00,0.0002887196454210365
2020-11-04 13:00:00,-0.0015324594500654857
2020-11-04 13:10:00,-0.002068696703714498
2020-11-04 13:20:00,0.0006524292114305846
2020-11-04 13:30:00,0.0013405198643832304
2020-11-04 13:40:00,0.002264199430130079
2020-11-04 13:50:00,-0.004862055524275531
2020-11-04 14:00:00,-0.00029334013441428396
2020-11-04 14:10:00,0.0
2020-11-04 14:20:00,-0.0026556377884196136
2020-11-04 14:30:00,0.0027962809376227958
2020-11-04 14:40:00,0.0003020929732478028
2020-11-04 14:50:00,0.0
2020-11-04 15:00:00,0.0011314186248911702
2020-11-04 15:10:00,0.0005824567504128755
2020-11-04 15:20:00,-0.004361538528371681
2020-11-04 15:30:00,0.001614381081199025
2020-11-04 15:40:00,0.001829587036068947
2020-11-04 15:50:00,-0.0006078789459952158
2020-11-04 16:00:00,0.00043421472831988345
2020-11-05 09:30:00,-0.00017395842393664451
2020-11-05 09:40:00,0.027315354501957347
2020-11-05 09:50:00,0.010624109259132207
2020-11-05 10:00:00,-0.0045632601418582565
2020-11-05 10:10:00,-0.0004200340235976111
2020-11-05 10:20:00,-0.001262315789473704
2020-11-05 10:30:00,-0.006408932201574824
2020-11-05 10:40:00,0.0008061778682959849
2020-11-05 10:50:00,0.0012981727222622199
2020-11-05 11:00:00,0.0025565658182323484
2020-11-05 11:10:00,-0.0006554607652673696
2020-11-05 11:20:00,-0.0009584794155134932
2020-11-05 11:30:00,0.0008409546612069714
2020-11-05 11:40:00,-0.002226572802337177
2020-11-05 11:50:00,0.0011437285550896354
2020-11-05 12:00:00,-0.00042311923500039904
2020-11-05 12:10:00,0.0009735861835421172
2020-11-05 12:20:00,-0.0035116505264938358
2020-11-05 12:30:00,-0.0018655607970816995
2020-11-05 12:40:00,0.00202380952380952
2020-11-05 12:50:00,0.0012899064817800798
2020-11-05 13:00:00,-0.000466141198406582
2020-11-05 13:10:00,-0.00029677364650016185
2020-11-05 13:20:00,0.0012722646310431847
2020-11-05 13:30:00,0.0014637865311309564
2020-11-05 13:40:00,-0.0002351492267144186
2020-11-05 13:50:00,0.0008037565040823477
2020-11-05 14:00:00,0.0010989939978019736
2020-11-05 14:10:00,0.00012328998479987756
2020-11-05 14:20:00,0.0015232035232946425
2020-11-05 14:30:00,0.0018960502465961743
2020-11-05 14:40:00,0.00033827022742360675
2020-11-05 14:50:00,0.001345052704363535
2020-11-05 15:00:00,0.0010080645161289511
2020-11-05 15:10:00,-0.0007687143336690138
2020-11-05 15:20:00,-0.0011631969523399441
2020-11-05 15:30:00,0.0007567483029919592
2020-11-05 15:40:00,-0.0029398445133965428
2020-11-05 15:50:00,0.0008426729586247098
2020-11-05 16:00:00,0.003536246526900747
2020-11-06 09:30:00,-0.0013423944961825371
2020-11-06 09:40:00,-0.02138116441233304
2020-11-06 09:50:00,0.000987251577456281
2020-11-06 10:00:00,-0.002519725557461323
2020-11-06 10:10:00,0.0034718699433047397
2020-11-06 10:20:00,0.0028275212064091553
2020-11-06 10:30:00,0.004015721120984269
2020-11-06 10:40:00,-0.0018764360479959258
2020-11-06 10:50:00,0.0034146279078689384
2020-11-06 11:00:00,-0.0024641006032797355
2020-11-06 11:10:00,0.005798977853492255
2020-11-06 11:20:00,-0.0009383405261481762
2020-11-06 11:30:00,0.0008476731372382328
2020-11-06 11:40:00,0.0017752180909630635
2020-11-06 11:50:00,0.002455199375040084
2020-11-06 12:00:00,0.0014337522138821094
2020-11-06 12:10:00,0.0016068721576554664
2020-11-06 12:20:00,-0.002529201855196547
2020-11-06 12:30:00,-0.0017280620416420661
2020-11-06 12:40:00,0.002026599113362965
2020-11-06 12:50:00,0.0017208106855433375
2020-11-06 13:00:00,0.00017498224939676681
2020-11-06 13:10:00,0.001482883337538882
2020-11-06 13:20:00,0.000193169687812556
2020-11-06 13:30:00,0.00025778974265538686
2020-11-06 13:40:00,-0.0013423438549362615
2020-11-06 13:50:00,0.0004673836017286327
2020-11-06 14:00:00,-4.369171462254217e-05
2020-11-06 14:10:00,0.0007117019086552213
2020-11-06 14:20:00,-0.0006734108511510533
2020-11-06 14:30:00,-0.0010922992900054232
2020-11-06 14:40:00,-0.0011355511628885486
2020-11-06 14:50:00,-0.0029473684210525835
2020-11-06 15:00:00,0.0005076013513512786
2020-11-06 15:10:00,-0.0010146876458824278
2020-11-06 15:20:00,0.0014373850239860354
2020-11-06 15:30:00,-0.0012657159733356314
2020-11-06 15:40:00,0.0010561000337952012
2020-11-06 15:50:00,0.004003038359285982
2020-11-06 16:00:00,-0.0033566102019766146
2020-11-09 09:30:00,0.001096491228070137
2020-11-09 09:40:00,0.0034543769483528232
2020-11-09 09:50:00,0.010075566750629747
2020-11-09 10:00:00,-0.004488778054862777
2020-11-09 10:10:00,0.007264529058116151
2020-11-09 10:20:00,0.008248362762165336
2020-11-09 10:30:00,-6.330935251798411e-05
2020-11-09 10:40:00,-0.004006831264959876
2020-11-09 10:50:00,-0.007966647403615862
2020-11-09 11:00:00,0.0035251529147421736
2020-11-09 11:10:00,-0.0007347294852083826
2020-11-09 11:20:00,0.00531120331950208
2020-11-09 11:30:00,0.0033019646689780888
2020-11-09 11:40:00,-0.0010284679940760243
2020-11-09 11:50:00,-0.004653461269200773
2020-11-09 12:00:00,-0.002475796441870079
2020-11-09 12:10:00,0.0007399370224005587
2020-11-09 12:20:00,-0.0038544429708223093
2020-11-09 12:30:00,0.003792802163511516
2020-11-09 12:40:00,0.0019000122688401788
2020-11-09 12:50:00,-0.0025376468641403805
2020-11-09 13:00:00,0.002212299455925306
2020-11-09 13:10:00,8.276775368320739e-05
2020-11-09 13:20:00,-0.004609782338823158
2020-11-09 13:30:00,-0.0017709710408819425
2020-11-09 13:40:00,-0.000666333499916694
2020-11-09 13:50:00,-0.00016752792132021453
2020-11-09 14:00:00,-0.0026667244637583395
2020-11-09 14:10:00,-0.0005015045135406408
2020-11-09 14:20:00,-0.003512293025589578
2020-11-09 14:30:00,-0.001964585431352786
2020-11-09 14:40:00,-0.0009678295476426767
2020-11-09 14:50:00,0.0012212694468852945
2020-11-09 15:00:00,-0.0034962536536648748
2020-11-09 15:10:00,0.0006436645857937334
2020-11-09 15:20:00,1.0116653444858879e-05
2020-11-09 15:30:00,-0.005163656290176503
2020-11-09 15:40:00,0.0008914876488285295
2020-11-09 15:50:00,-0.0024570274201551846
2020-11-09 16:00:00,-0.013834663045323338
2020-11-10 09:30:00,0.0011188570444960449
2020-11-10 09:40:00,0.004155777166437441
2020-11-10 09:50:00,-0.00126708640330672
2020-11-10 10:00:00,-0.006475482489451792
2020-11-10 10:10:00,0.007154443485763591
2020-11-10 10:20:00,-0.003591217964314015
2020-11-10 10:30:00,-0.007007136101796902
2020-11-10 10:40:00,-0.008701675397203425
2020-11-10 10:50:00,0.0034937549130928964
2020-11-10 11:00:00,0.000816433109931253
2020-11-10 11:10:00,0.006402641067698203
2020-11-10 11:20:00,-0.0012098167991704163
2020-11-10 11:30:00,0.008478975601315141
2020-11-10 11:40:00,0.0001715854495538437
2020-11-10 11:50:00,0.00506090238462861
2020-11-10 12:00:00,-0.004095758299906125
2020-11-10 12:10:00,0.0045419448607894
2020-11-10 12:20:00,8.445650532632028e-05
2020-11-10 12:30:00,-0.003541755523330194
2020-11-10 12:40:00,-0.007574382698082764
2020-11-10 12:50:00,0.006124385404985713
2020-11-10 13:00:00,0.0027306241426611816
2020-11-10 13:10:00,0.004373346101394923
2020-11-10 13:20:00,-0.0066408444709287855
2020-11-10 13:30:00,-0.0010275096645039651
2020-11-10 13:40:00,-0.0014840868147892906
2020-11-10 13:50:00,0.003179635213965941
2020-11-10 14:00:00,0.001052522499916512
2020-11-10 14:10:00,0.001924886645564157
2020-11-10 14:20:00,-0.006190496520513977
2020-11-10 14:30:00,0.00021479508548849285
2020-11-10 14:40:00,0.006230296783060516
2020-11-10 14:50:00,-0.0038441083043154116
2020-11-10 15:00:00,0.0005141828777101917
2020-11-10 15:10:00,-0.0033396145610278135
2020-11-10 15:20:00,0.0038217567705768336
2020-11-10 15:30:00,0.0011574866786296244
2020-11-10 15:40:00,-0.004190182999828929
2020-11-10 15:50:00,-8.587376556466395e-05
2020-11-10 16:00:00,-0.0021470285125386466
2020-11-11 09:30:00,-0.0018934503829933632
2020-11-11 09:40:00,0.011209795636802597
2020-11-11 09:50:00,0.005799437196213952
2020-11-11 10:00:00,-0.0022899514286126026
2020-11-11 10:10:00,0.005652617267165182
2020-11-11 10:20:00,-0.003018288870186589
2020-11-11 10:30:00,0.0017120385123910752
2020-11-11 10:40:00,0.00029613334461457474
2020-11-11 10:50:00,-0.0027489955593147696
2020-11-11 11:00:00,0.002368108566581754
2020-11-11 11:10:00,-0.0018971189515582792
2020-11-11 11:20:00,0.0024305879360772852
2020-11-11 11:30:00,-1.4377330501841489e-05
2020-11-11 11:40:00,0.0002528755074425916
2020-11-11 11:50:00,0.001649616681843787
2020-11-11 12:00:00,0.002490186975055938
2020-11-11 12:10:00,0.0009262377905018477
2020-11-11 12:20:00,-0.0004206275763440007
2020-11-11 12:30:00,0.0014307355664029769
2020-11-11 12:40:00,0.0029414236490462103
2020-11-11 12:50:00,0.00011898776604660995
2020-11-11 13:00:00,-0.0011344385032114846
2020-11-11 13:10:00,-0.001050169939640448
2020-11-11 13:20:00,0.0025727662947464067
2020-11-11 13:30:00,-0.001507537688442268
2020-11-11 13:40:00,0.0026614661969468463
2020-11-11 13:50:00,-0.0031981649242537745
2020-11-11 14:00:00,-0.0005455079518274325
2020-11-11 14:10:00,0.0027197917541354837
2020-11-11 14:20:00,-0.001958733447278678
2020-11-11 14:30:00,-0.0005034401745259462
2020-11-11 14:40:00,0.0015950302216252326
2020-11-11 14:50:00,-0.0031011650322689175
2020-11-11 15:00:00,-0.00016815200941647907
2020-11-11 15:10:00,0.001761688530104199
2020-11-11 15:20:00,0.0004239084357779875
2020-11-11 15:30:00,-0.002182413156569965
2020-11-11 15:40:00,0.003616720162058629
2020-11-11 15:50:00,0.00025136154168413187
2020-11-11 16:00:00,0.001591556374602092
2020-11-12 09:30:00,-0.0002508990549467837
2020-11-12 09:40:00,0.00258156265685125
2020-11-12 09:50:00,-0.0060376174606962835
2020-11-12 10:00:00,0.004946904512067109
2020-11-12 10:10:00,0.0008829354554969523
2020-11-12 10:20:00,0.0009505925554999249
2020-11-12 10:30:00,0.0003852121877133897
2020-11-12 10:40:00,0.0024579076030109377
2020-11-12 10:50:00,0.0007067137809186758
2020-11-12 11:00:00,-0.0012462612163509944
2020-11-12 11:10:00,0.0004999584061226653
2020-11-12 11:20:00,-0.0025667227349108527
2020-11-12 11:30:00,-0.0007619117482789718
2020-11-12 11:40:00,-0.004171185450905147
2020-11-12 11:50:00,-0.0006282985674792899
2020-11-12 12:00:00,0.0025944088184752076
2020-11-12 12:10:00,0.002157945562248903
2020-11-12 12:20:00,0.0008543115200237851
2020-11-12 12:30:00,-0.002625765848372423
2020-11-12 12:40:00,0.0015461763476806356
2020-11-12 12:50:00,-0.004715650686360303
2020-11-12 13:00:00,0.001846232787987508
2020-11-12 13:10:00,-0.0009214152469535364
2020-11-12 13:20:00,-0.0011727257497068234
2020-11-12 13:30:00,-0.002513418316001354
2020-11-12 13:40:00,0.0005439703784167518
2020-11-12 13:50:00,-0.0031091130624762856
2020-11-12 14:00:00,0.004214607830741349
2020-11-12 14:10:00,-0.001133168254501239
2020-11-12 14:20:00,-0.0015436974789916113
2020-11-12 14:30:00,0.0005361217274060647
2020-11-12 14:40:00,-0.00025235531628533934
2020-11-12 14:50:00,-0.0011358855700462005
2020-11-12 15:00:00,0.003159668112706931
2020-11-12 15:10:00,0.0005029805164325074
2020-11-12 15:20:00,0.0015107007973142476
2020-11-12 15:30:00,-0.0020958685996815833
2020-11-12 15:40:00,0.0013453152043292212
2020-11-12 15:50:00,-0.0020135843562693943
2020-11-12 16:00:00,0.0022689075630251765
2020-11-13 09:30:00,-0.0005030602833906454
2020-11-13 09:40:00,-8.388558006870989e-05
2020-11-13 09:50:00,-0.00440436241610743
2020-11-13 10:00:00,-0.0023593848746576883
2020-11-13 10:10:00,-0.0017737235525148339
2020-11-13 10:20:00,0.0023429369209290326
2020-11-13 10:30:00,0.0018833059405598113
2020-11-13 10:40:00,-0.004339217255761053
2020-11-13 10:50:00,0.0024540915630023867
2020-11-13 11:00:00,-0.00354550059091666
2020-11-13 11:10:00,0.0005506607929515226
2020-11-13 11:20:00,0.002050717581812767
2020-11-13 11:30:00,-0.0008213122067949292
2020-11-13 11:40:00,-0.0006765327695560109
2020-11-13 11:50:00,0.0031649318778031246
2020-11-13 12:00:00,0.001484680793629386
2020-11-13 12:10:00,0.00012634770889488348
2020-11-13 12:20:00,0.0002105529119468201
2020-11-13 12:30:00,8.420343550009182e-05
2020-11-13 12:40:00,0.00025174707417696234
2020-11-13 12:50:00,0.0014385533994557501
2020-11-13 13:00:00,-4.875145834098441e-05
2020-11-13 13:10:00,0.0005060311856427916
2020-11-13 13:20:00,0.0009661819513850419
2020-11-13 13:30:00,-0.0008829933137597252
2020-11-13 13:40:00,-0.0011761246692149417
2020-11-13 13:50:00,-0.002220446612557263
2020-11-13 14:00:00,-0.00042990449376640113
2020-11-13 14:10:00,-0.00016866250632481043
2020-11-13 14:20:00,-0.0010543184885290148
2020-11-13 14:30:00,0.0005488242495883626
2020-11-13 14:40:00,0.0010970464135020713
2020-11-13 14:50:00,-0.0007586613841354565
2020-11-13 15:00:00,0.0027062594904672796
2020-11-13 15:10:00,0.0006663256515184162
2020-11-13 15:20:00,0.00021691609214733327
2020-11-13 15:30:00,0.0018005174596397054
2020-11-13 15:40:00,0.0013425071320691104
2020-11-13 15:50:00,-0.0002513826043237903
2020-11-13 16:00:00,0.001005783253708864
2020-11-16 09:30:00,-0.0014234279494264564
2020-11-16 09:40:00,-0.0002515512326010493
2020-11-16 09:50:00,0.0061603623249182
2020-11-16 10:00:00,-0.0001625480871425117
2020-11-16 10:10:00,0.001935053566217872
2020-11-16 10:20:00,-0.0004751321175164925
2020-11-16 10:30:00,0.0029970029970029922
2020-11-16 10:40:00,-0.00011620185922983071
2020-11-16 10:50:00,-0.0018760480135473834
2020-11-16 11:00:00,0.0036102794411177713
2020-11-16 11:10:00,-0.000448314924246306
2020-11-16 11:20:00,-0.0018031835516498186
2020-11-16 11:30:00,0.0005606195884636569
2020-11-16 11:40:00,0.00022495227027479327
2020-11-16 11:50:00,0.00019004606749866026
2020-11-16 12:00:00,0.0019083969465649186
2020-11-16 12:10:00,0.0006269151138716163
2020-11-16 12:20:00,-0.0009575777338761862
2020-11-16 12:30:00,-0.0005384806561179498
2020-11-16 12:40:00,-3.647063699274521e-05
2020-11-16 12:50:00,-4.641886728017897e-05
2020-11-16 13:00:00,-0.0016164463049695974
2020-11-16 13:10:00,0.0004990036532713848
2020-11-16 13:20:00,0.0004970950231576485
2020-11-16 13:30:00,-0.003110484406104844
2020-11-16 13:40:00,0.001331280941881238
2020-11-16 13:50:00,-0.0022850970127550434
2020-11-16 14:00:00,0.001332556008994843
2020-11-16 14:10:00,-0.0009149130832570859
2020-11-16 14:20:00,0.00045787545787539635
2020-11-16 14:30:00,0.0011300187226960952
2020-11-16 14:40:00,-0.0021926543585447304
2020-11-16 14:50:00,-0.0010995693353435805
2020-11-16 15:00:00,-8.339240295213373e-05
2020-11-16 15:10:00,-0.0010249781076685821
2020-11-16 15:20:00,0.0009842873016920382
2020-11-16 15:30:00,0.0002010008340282737
2020-11-16 15:40:00,0.00043277372938386354
2020-11-16 15:50:00,-0.0007168100286723888
2020-11-16 16:00:00,0.0032529819000750733
2020-11-17 09:30:00,0.00016627868307279698
2020-11-17 09:40:00,-0.0026591853699085956
2020-11-17 09:50:00,-0.005168357085883356
2020-11-17 10:00:00,-0.001925268096514723
2020-11-17 10:10:00,0.0032737290796120595
2020-11-17 10:20:00,0.0009621804515052258
2020-11-17 10:30:00,0.0017954581929064085
2020-11-17 10:40:00,0.00041718815185658214
2020-11-17 10:50:00,0.0019182652210174291
2020-11-17 11:00:00,0.001997835678015559
2020-11-17 11:10:00,-0.0009138489656891204
2020-11-17 11:20:00,-0.0017877931149177066
2020-11-17 11:30:00,-0.001790995043525373
2020-11-17 11:40:00,0.0002503546691145885
2020-11-17 11:50:00,-0.0004997497079926494
2020-11-17 12:00:00,0.003463269229324541
2020-11-17 12:10:00,-0.0003477103522855647
2020-11-17 12:20:00,-2.6628233249947094e-05
2020-11-17 12:30:00,0.00029125405675290496
2020-11-17 12:40:00,0.00149744187013857
2020-11-17 12:50:00,-0.000191884370976446
2020-11-17 13:00:00,0.0009812075083560354
2020-11-17 13:10:00,0.0003320053120849273
2020-11-17 13:20:00,-0.0001659475605708266
2020-11-17 13:30:00,-0.00016597510373440682
2020-11-17 13:40:00,-0.0006059096945551752
2020-11-17 13:50:00,-0.00043186857906926093
2020-11-17 14:00:00,4.154376635782022e-05
2020-11-17 14:10:00,0.0014539714190760814
2020-11-17 14:20:00,-0.0005400920894346128
2020-11-17 14:30:00,-0.0014103107913262848
2020-11-17 14:40:00,0.001745635910224505
2020-11-17 14:50:00,-0.0027367023483528823
2020-11-17 15:00:00,-0.0014919262906868003
2020-11-17 15:10:00,-0.0006874948437886384
2020-11-17 15:20:00,-0.00019513269022943444
2020-11-17 15:30:00,-0.0010425789232244881
2020-11-17 15:40:00,0.0
2020-11-17 15:50:00,-0.0008349336227769418
2020-11-17 16:00:00,-0.0025620456254700683
2020-11-18 09:30:00,0.00022284887997495008
2020-11-18 09:40:00,-0.002512773264092446
2020-11-18 09:50:00,0.00025191031992611586
2020-11-18 10:00:00,-0.0027703156480859492
2020-11-18 10:10:00,-0.0019454499536999078
2020-11-18 10:20:00,0.0017805495833716563
2020-11-18 10:30:00,0.0019365159552075775
2020-11-18 10:40:00,-0.00063025210084036
2020-11-18 10:50:00,0.0033214210636955733
2020-11-18 11:00:00,0.0013828360710694458
2020-11-18 11:10:00,-0.002381888940034293
2020-11-18 11:20:00,-0.0005906020449596348
2020-11-18 11:30:00,0.0011743473516327664
2020-11-18 11:40:00,0.0007554294922691518
2020-11-18 11:50:00,0.00016756032171578436
2020-11-18 12:00:00,0.0010470765622382309
2020-11-18 12:10:00,0.0014225346219823582
2020-11-18 12:20:00,-0.00037601838312096685
2020-11-18 12:30:00,-0.00046811000585135324
2020-11-18 12:40:00,0.001603191329218704
2020-11-18 12:50:00,-0.0012466006544444416
2020-11-18 13:00:00,-0.0005551078280235952
2020-11-18 13:10:00,0.0012128816394813553
2020-11-18 13:20:00,-0.0012531851789965452
2020-11-18 13:30:00,-0.002384039483039831
2020-11-18 13:40:00,0.0016770082173401695
2020-11-18 13:50:00,-0.0016742005692280985
2020-11-18 14:00:00,0.0004611772597685109
2020-11-18 14:10:00,-0.0011314587436616595
2020-11-18 14:20:00,-0.0020137606981037847
2020-11-18 14:30:00,0.0007507987220448007
2020-11-18 14:40:00,0.0005099584724097099
2020-11-18 14:50:00,0.0005046603409185606
2020-11-18 15:00:00,0.0014259325002664571
2020-11-18 15:10:00,0.0012705330204492286
2020-11-18 15:20:00,-0.0009341132118427785
2020-11-18 15:30:00,8.378016085795172e-05
2020-11-18 15:40:00,-0.0038954511183714787
2020-11-18 15:50:00,-0.0023968714519994666
2020-11-18 16:00:00,-0.004130837969988274
2020-11-19 09:30:00,-0.0052484550918478826
2020-11-19 09:40:00,-0.004340056165432773
2020-11-19 09:50:00,0.00512820512820508
2020-11-19 10:00:00,0.002976190476190549
2020-11-19 10:10:00,-0.0005086901229334656
2020-11-19 10:20:00,-0.0016964967342438107
2020-11-19 10:30:00,0.002549069589599772
2020-11-19 10:40:00,0.002118823629121112
2020-11-19 10:50:00,-0.001692320703653518
2020-11-19 11:00:00,-0.00221026957833755
2020-11-19 11:10:00,0.00030565720544410604
2020-11-19 11:20:00,-0.00012731825319357103
2020-11-19 11:30:00,0.002716468590831981
2020-11-19 11:40:00,0.001179309177107954
2020-11-19 11:50:00,-0.0014113054956354238
2020-11-19 12:00:00,0.0004877536573057019
2020-11-19 12:10:00,0.0008887008040625456
2020-11-19 12:20:00,-0.0017335419221174437
2020-11-19 12:30:00,-0.0016518424396441609
2020-11-19 12:40:00,0.0008060752619744504
2020-11-19 12:50:00,-0.0024595167443832943
2020-11-19 13:00:00,0.0005107942468080085
2020-11-19 13:10:00,-0.00016989466530747556
2020-11-19 13:20:00,-0.0001699235344094819
2020-11-19 13:30:00,0.0008565601631542526
2020-11-19 13:40:00,0.0016055248393625808
2020-11-19 13:50:00,9.40917979925303e-05
2020-11-19 14:00:00,0.001008636983921138
2020-11-19 14:10:00,-0.0007629127857747038
2020-11-19 14:20:00,-0.0002618424386428816
2020-11-19 14:30:00,0.000576373761432101
2020-11-19 14:40:00,0.0011978279837692141
2020-11-19 14:50:00,0.0017387493188840925
2020-11-19 15:00:00,0.0019097267680176294
2020-11-19 15:10:00,-0.00048052604957007385
2020-11-19 15:20:00,0.00048075706586373624
2020-11-19 15:30:00,0.00020148372955654687
2020-11-19 15:40:00,0.0018214168617181102
2020-11-19 15:50:00,-0.0012619888944977763
2020-11-19 16:00:00,0.0004211945076237164
2020-11-20 09:30:00,-0.001010441226002059
2020-11-20 09:40:00,-0.005225893459204354
2020-11-20 09:50:00,0.0021606507371632745
2020-11-20 10:00:00,-0.0012682308180089255
2020-11-20 10:10:00,0.0020740740740741127
2020-11-20 10:20:00,-0.0015628960040551007
2020-11-20 10:30:00,0.0007192114058467128
2020-11-20 10:40:00,0.000815929652490116
2020-11-20 10:50:00,0.0011278528975681291
2020-11-20 11:00:00,-0.0002953586497890008
2020-11-20 11:10:00,0.0018992951504663343
2020-11-20 11:20:00,-0.0015165557334231412
2020-11-20 11:30:00,-0.0005839169690322273
2020-11-20 11:40:00,-0.0012732099073966877
2020-11-20 11:50:00,-0.0027052159945896302
2020-11-20 12:00:00,8.476731372387146e-05
2020-11-20 12:10:00,0.00042380064417695505
2020-11-20 12:20:00,0.0006777937812420426
2020-11-20 12:30:00,0.0006773346880026949
2020-11-20 12:40:00,8.460952703278718e-05
2020-11-20 12:50:00,-0.0005922165820643603
2020-11-20 13:00:00,0.00117074409548803
2020-11-20 13:10:00,-0.0017189728777702792
2020-11-20 13:20:00,0.0007199424046076988
2020-11-20 13:30:00,-0.00029623360135430215
2020-11-20 13:40:00,4.656478855363037e-05
2020-11-20 13:50:00,-0.0007661667534425082
2020-11-20 14:00:00,-0.0006642379056172331
2020-11-20 14:10:00,-1.356488593623377e-05
2020-11-20 14:20:00,-0.0001271725307333664
2020-11-20 14:30:00,0.0006359435282147186
2020-11-20 14:40:00,-0.0011888822981104188
2020-11-20 14:50:00,-1.1029127926859261e-05
2020-11-20 15:00:00,1.3574461009146489e-05
2020-11-20 15:10:00,-4.241961482997933e-05
2020-11-20 15:20:00,-0.0016714037246000808
2020-11-20 15:30:00,-0.0010028214977734744
2020-11-20 15:40:00,0.0008107188430455876
2020-11-20 15:50:00,0.0008049620341823167
2020-11-20 16:00:00,-0.0036096483777815287
2020-11-23 09:30:00,0.0002131014789243122
2020-11-23 09:40:00,-0.0003408897221749297
2020-11-23 09:50:00,-0.0036658141517475927
2020-11-23 10:00:00,0.0010798322922905552
2020-11-23 10:10:00,-0.006891676823691772
2020-11-23 10:20:00,-0.0033557133623490273
2020-11-23 10:30:00,-0.003460276338514685
2020-11-23 10:40:00,0.0010329352084458606
2020-11-23 10:50:00,-0.0010777494513865538
2020-11-23 11:00:00,0.00044196405359020154
2020-11-23 11:10:00,-0.004287756074321022
2020-11-23 11:20:00,-0.003088299260548099
2020-11-23 11:30:00,-0.0022688598979013494
2020-11-23 11:40:00,-4.285651812648912e-05
2020-11-23 11:50:00,0.0028846296819472006
2020-11-23 12:00:00,-0.0013509518148890572
2020-11-23 12:10:00,0.0004803283699402369
2020-11-23 12:20:00,0.002546263966480374
2020-11-23 12:30:00,0.002336055974791933
2020-11-23 12:40:00,-0.0009555246699096545
2020-11-23 12:50:00,-0.00018346230762545965
2020-11-23 13:00:00,0.0025776401026534348
2020-11-23 13:10:00,-0.0006531621984764128
2020-11-23 13:20:00,-0.0015623643780921155
2020-11-23 13:30:00,-0.0003468660349474305
2020-11-23 13:40:00,-0.0026532718903627002
2020-11-23 13:50:00,0.0017011814971443213
2020-11-23 14:00:00,-0.002307623339464397
2020-11-23 14:10:00,-0.00017449722985644133
2020-11-23 14:20:00,-0.0029233387146035497
2020-11-23 14:30:00,-0.0017512690355330487
2020-11-23 14:40:00,0.0027625835197120203
2020-11-23 14:50:00,-0.001923497267759553
2020-11-23 15:00:00,0.0003950768691691562
2020-11-23 15:10:00,0.0017504362955899294
2020-11-23 15:20:00,-0.0023601398601399495
2020-11-23 15:30:00,-0.0007885744326644108
2020-11-23 15:40:00,-0.0021483689933357113
2020-11-23 15:50:00,0.0008119864668921993
2020-11-23 16:00:00,0.0007252777743630932
2020-11-24 09:30:00,0.0
2020-11-24 09:40:00,-0.007052733175396994
2020-11-24 09:50:00,-0.0024406580763514448
2020-11-24 10:00:00,0.0012401452741606924
2020-11-24 10:10:00,0.005971865876315997
2020-11-24 10:20:00,0.0002198672002111225
2020-11-24 10:30:00,-0.002813681526422293
2020-11-24 10:40:00,0.0019839520324487128
2020-11-24 10:50:00,0.0064680776169313975
2020-11-24 11:00:00,0.004546646847949603
2020-11-24 11:10:00,-0.0008703977717816547
2020-11-24 11:20:00,0.0011760606324591942
2020-11-24 11:30:00,-4.3506634761761606e-05
2020-11-24 11:40:00,0.0019143752175426285
2020-11-24 11:50:00,0.0006948063227375221
2020-11-24 12:00:00,-0.0036885957299079776
2020-11-24 12:10:00,-0.002561087155363883
2020-11-24 12:20:00,-9.606902996489018e-05
2020-11-24 12:30:00,0.0014848458380644746
2020-11-24 12:40:00,0.0019195883481597958
2020-11-24 12:50:00,0.0006084604731368102
2020-11-24 13:00:00,-0.001313614615049989
2020-11-24 13:10:00,0.00044425474089484856
2020-11-24 13:20:00,0.0023944275141489393
2020-11-24 13:30:00,-0.0005646036916395025
2020-11-24 13:40:00,0.0026942464800973603
2020-11-24 13:50:00,0.0010739360318973035
2020-11-24 14:00:00,0.001825204621196497
2020-11-24 14:10:00,-0.002251421074511299
2020-11-24 14:20:00,-0.0010758444339343325
2020-11-24 14:30:00,-0.002081165452653442
2020-11-24 14:40:00,8.68960722975766e-05
2020-11-24 14:50:00,0.00026066556607873086
2020-11-24 15:00:00,0.0021282140375259756
2020-11-24 15:10:00,-0.0005625623022580021
2020-11-24 15:20:00,0.0026877687009811695
2020-11-24 15:30:00,0.0004324885390536905
2020-11-24 15:40:00,-0.0019159605740964477
2020-11-24 15:50:00,0.0006635573604623688
2020-11-24 16:00:00,-0.003246331645240878
2020-11-25 09:30:00,0.004603091888136192
2020-11-25 09:40:00,0.0055260655312527225
2020-11-25 09:50:00,0.00026481138207467056
2020-11-25 10:00:00,0.00030857830496817983
2020-11-25 10:10:00,-0.0048626906429939465
2020-11-25 10:20:00,0.004490113116311165
2020-11-25 10:30:00,-0.003266569242671671
2020-11-25 10:40:00,0.0020698576972832676
2020-11-25 10:50:00,0.0011618900077459775
2020-11-25 11:00:00,0.001451966473243014
2020-11-25 11:10:00,0.0006300759095541189
2020-11-25 11:20:00,-0.003923055608219489
2020-11-25 11:30:00,0.0006028765825510929
2020-11-25 11:40:00,-0.00019366500258226853
2020-11-25 11:50:00,-0.0011406925941070804
2020-11-25 12:00:00,9.56690368454988e-05
2020-11-25 12:10:00,-0.0016899913044302701
2020-11-25 12:20:00,0.000776933701657488
2020-11-25 12:30:00,0.0001552661088586774
2020-11-25 12:40:00,8.969538068793066e-05
2020-11-25 12:50:00,0.0020904048348373513
2020-11-25 13:00:00,7.056750039588544e-05
2020-11-25 13:10:00,-3.4420741939134566e-05
2020-11-25 13:20:00,-0.000645411126887852
2020-11-25 13:30:00,-0.0007749935417203927
2020-11-25 13:40:00,-0.00021544295070670186
2020-11-25 13:50:00,0.00034478300219804555
2020-11-25 14:00:00,-0.0006462453147214927
2020-11-25 14:10:00,-0.0014631833074668559
2020-11-25 14:20:00,0.001033586822588395
2020-11-25 14:30:00,0.0008625894936599182
2020-11-25 14:40:00,-0.0004610876497457525
2020-11-25 14:50:00,-0.000400943294546694
2020-11-25 15:00:00,0.001638920037953918
2020-11-25 15:10:00,-0.000516706854977629
2020-11-25 15:20:00,0.000985697053248349
2020-11-25 15:30:00,0.0014254431268850775
2020-11-25 15:40:00,-0.001805054151624617
2020-11-25 15:50:00,-0.0004736071643846776
2020-11-25 16:00:00,-0.0004307559767391528
2020-11-30 09:30:00,0.0
2020-11-30 09:40:00,0.020241873230980353
2020-11-30 09:50:00,0.0009247583018074774
2020-11-30 10:00:00,-0.0011935158743490613
2020-11-30 10:10:00,0.0036655541344070464
2020-11-30 10:20:00,-0.005226477916915949
2020-11-30 10:30:00,-0.0001684494230608122
2020-11-30 10:40:00,-0.006317917614354309
2020-11-30 10:50:00,-0.0034757544930484625
2020-11-30 11:00:00,0.004956188855806035
2020-11-30 11:10:00,-0.0012917687412280143
2020-11-30 11:20:00,-0.0019486353619257556
2020-11-30 11:30:00,0.000508704451206402
2020-11-30 11:40:00,0.0016552075375604208
2020-11-30 11:50:00,0.006101436379814406
2020-11-30 12:00:00,0.0013055380080016941
2020-11-30 12:10:00,-0.0003364737550470394
2020-11-30 12:20:00,0.00028273308650279995
2020-11-30 12:30:00,0.0013703631420265525
2020-11-30 12:40:00,-0.0018187698731062369
2020-11-30 12:50:00,0.00013129102844644232
2020-11-30 13:00:00,0.0017620982264574105
2020-11-30 13:10:00,0.0004200092402032606
2020-11-30 13:20:00,-0.0016793316260128707
2020-11-30 13:30:00,0.0014718869590815188
2020-11-30 13:40:00,0.0010917947425884745
2020-11-30 13:50:00,0.003104026845637503
2020-11-30 14:00:00,0.001379944802207964
2020-11-30 14:10:00,0.0008769365682549295
2020-11-30 14:20:00,0.0011265020026701511
2020-11-30 14:30:00,0.0017920400083350984
2020-11-30 14:40:00,0.003203261502620893
2020-11-30 14:50:00,-0.00016587186398503854
2020-11-30 15:00:00,0.0001244245365184883
2020-11-30 15:10:00,0.001990544911669645
2020-11-30 15:20:00,0.00037248572138069453
2020-11-30 15:30:00,-0.003682098382359086
2020-11-30 15:40:00,0.0017440411925920437
2020-11-30 15:50:00,-0.000820759409716496
2020-11-30 16:00:00,-0.0076003352112909515
